Name,Email,Role,App access,Groups,Date added
Alex Brooks,alex.brooks@ext-f34ab7.com,User,Designer,members Bootcamp_US_June_2025 PartnerTwo,2025-06-27T15:51:39.438Z
Alex Cooper,alex.cooper@ext-73c6f0.com,User,Designer,members Bootcamp_EMEA_February_2026,2026-02-23T09:22:04.542Z
Alex Cooper,alex.cooper@ext-80929f.com,User,Designer,members AgentCreatorBootcamp_EMEA_October_2025,2025-10-06T16:15:44.069Z
Alex Brooks,alex.brooks@snaplogic.com,Environment admin,Designer,members admins,2025-09-02T20:54:34.821Z
Alex Cooper,alex.cooper@snaplogic.com,Environment admin,Designer,members admins,2023-05-02T22:55:41.744Z
Alex Foster,alex.foster@ext-73c6f0.com,User,Designer,members AgentCreatorBootcamp_CustomerAlpha,2026-07-19T12:43:23.645Z
Alex Garcia,alex.garcia@ext-0a199e.com,User,Designer,members AgentCreatorBootcamp_EMEA_May_2026,2026-05-17T21:18:58.144Z
Alex Grant,alex.grant@ext-2c0c28.com,User,Designer,members Bootcamp_EMEA_February_2026,2026-02-22T12:10:04.422Z
Alex Lopez,alex.lopez@ext-680c47.com,User,Designer,members Bootcamp_EMEA_February_2026,2026-02-22T12:07:51.160Z
Alex Miller,alex.miller@ext-387eea.com,User,Designer,members AgentCreatorBootcamp_EMEA_March_2026,2026-03-22T19:02:32.800Z
Alex Nguyen,alex.nguyen@ext-eda065.com,User,Designer,members AC_Bootcamp_US_February_2026,2026-01-31T17:42:38.758Z
Alex Quinn,alex.quinn@ext-9a0743.com,User,Designer,members AgentCreatorBootcamp_EMEA_October_2025,2025-10-06T16:15:57.069Z
Alex Reyes,alex.reyes@ext-721234.com,User,Designer AutoSync,members AgentCreatorBootcamp_EMEA_June_2025,2025-06-15T21:07:49.744Z
Alex Shah,alex.shah@ext-591bfe.com,User,Designer AutoSync,members AgentCreatorTraining,2024-10-03T13:01:14.346Z
Alex Singh,alex.singh@ext-f831a9.com,User,Designer,members AgentCreatorBootcamp_EMEA_January_2026 Bootcamp_EMEA_February_2026,2026-01-11T22:26:48.415Z
Alex Iyer,alex.iyer@snaplogic.com,Environment admin,Designer,members admins,2025-05-15T23:57:44.117Z
Alex Torres,alex.torres@ext-b05b7f.com,User,Designer,members AgentCreatorBootcamp_EMEA_January_2026 Bootcamp_EMEA_February_2026,2024-09-17T11:29:28.569Z
Alex Utley,alex.utley@ext-7e0fff.com,User,Designer,members AgentCreatorBootcamp_AMER_May_2025,2025-05-12T15:00:45.659Z
Alex Xu,alex.xu@ext-a876a8.com,User,Designer,members AgentCreatorBootcamp_CustomerAlpha,2026-07-19T12:43:19.796Z
Alex Zhang,alex.zhang@ext-84f9b1.com,User,Designer,members Bootcamp_EMEA_February_2026,2026-02-22T12:07:38.312Z
Avery Adams,avery.adams@ext-a876a8.com,User,Designer,members AgentCreatorBootcamp_EMEA_November_2025 PartnerOne,2025-11-23T18:44:53.563Z
Avery Baker,avery.baker@ext-7f91a9.com,User,Designer,members AgentCreatorBootcamp_CustomerAlpha,2026-07-19T12:43:04.495Z
Alex Nash,alex.nash@snaplogic.com,User,Designer,members Bootcamp_US_June_2025,2025-06-27T15:45:39.005Z
Avery Ellis,avery.ellis@ext-26da4f.com,User,Designer,members AgentCreatorBootcamp_EMEA_January_2026,2026-01-11T22:37:25.153Z
Avery Ellis,avery.ellis@ext-33cee5.com,User,Designer,members AgentCreatorBootcamp_EMEA_January_2026,2026-01-11T22:25:07.128Z
Alex Singh,alex.singh@snaplogic.com,User,Designer,members,2026-01-31T17:18:01.769Z
Avery Adams,avery.adams@snaplogic.com,Environment admin,Designer AutoSync,members admins,2024-01-02T20:56:26.372Z
Avery Cooper,avery.cooper@snaplogic.com,Environment admin,Designer AutoSync,members admins,2025-07-16T14:53:29.372Z
Avery Ellis,avery.ellis@ext-84f9b1.com,User,Designer,members US_Bootcamp_August_2025,2025-08-07T14:32:38.611Z
Avery Evans,avery.evans@ext-131556.com,User,Designer,members AgentCreatorBootcamp_EMEA_October_2025,2025-10-06T16:10:34.236Z
Avery Harris,avery.harris@snaplogic.com,Environment admin,Designer,members admins,2026-03-16T20:48:18.665Z
Avery Moss,avery.moss@snaplogic.com,User,Designer,members AgentCreatorBootcamp_EMEA_January_2026,2026-01-11T22:39:16.597Z
Avery Park,avery.park@snaplogic.com,Environment admin,Designer AutoSync,members admins,2024-02-22T16:40:20.127Z
Avery Jensen,avery.jensen@ext-653eac.com,User,Designer,members Bootcamp_EMEA_February_2026,2024-02-21T06:58:01.137Z
Avery Ortiz,avery.ortiz@ext-a876a8.com,User,Designer,members AgentCreatorBootcamp_EMEA_October_2025 AgentCreatorBootcamp_EMEA_November_2025,2025-10-06T16:08:28.482Z
Avery Patel,avery.patel@ext-9bcd09.com,User,Designer,members AgentCreatorBootcampEMEA_June2026,2026-06-24T06:58:50.039Z
Avery Quinn,avery.quinn@ext-190a1c.com,User,Designer,members AgentCreatorBootcamp_CustomerAlpha,2026-07-19T12:42:50.259Z
Avery Vance,avery.vance@ext-26da4f.com,User,Designer,members AgentCreatorBootcampEMEA_June2026,2026-06-24T08:51:53.940Z
Avery Vega,avery.vega@ext-591bfe.com,User,Designer,members AgentCreatorBootcamp_AMEA_August_2025 PartnerOne,2025-08-11T07:57:21.636Z
Avery Xia,avery.xia@ext-26da4f.com,User,Designer AutoSync,members PartnerThree AgentCreatorBootcamp_EMEA_May_2025 PartnerThree_Demos,2025-03-25T12:13:13.996Z
Avery Zhang,avery.zhang@ext-680c47.com,User,Designer,members AgentCreatorBootcamp_CustomerAlpha,2026-07-20T08:37:19.222Z
Blake Cooper,blake.cooper@ext-2d8726.com,User,Designer AutoSync,members,2024-09-06T08:38:11.858Z
Blake Foster,blake.foster@ext-26da4f.com,User,Designer,members AgentCreatorBootcamp_CustomerAlpha,2026-07-19T12:42:29.461Z
Blake Grant,blake.grant@ext-7bf6fa.com,User,Designer AutoSync,members AgentCreatorTraining_CustomerBravo,2025-04-28T10:43:46.164Z
Blake Harris,blake.harris@ext-591bfe.com,User,Designer AutoSync,members AgentCreatorBootcamp_EMEA_June_2025,2025-06-15T21:15:14.510Z
Blake Holt,blake.holt@ext-591bfe.com,User,Designer AutoSync,members AgentCreatorBootcamp_EMEA_June_2025,2025-06-15T21:14:31.203Z
Blake Holt,blake.holt@ext-9a0743.com,User,Designer,members PartnerFour AgentCreatorBootcamp_EMEA_January_2026,2026-01-07T13:51:06.860Z
Blake Ibarra,blake.ibarra@ext-9c4f44.com,User,Designer,members AgentCreatorBootcamp_EMEA_March_2026,2025-10-20T13:23:34.000Z
Blake Jensen,blake.jensen@ext-a570e0.com,User,Designer,members AgentCreatorBootcamp_CustomerAlpha,2026-07-19T12:43:32.599Z
Blake Utley,blake.utley@ext-f34ab7.com,User,Designer AutoSync,members AgentCreatorBootcamp_EMEA_June_2025,2025-06-15T21:14:19.611Z
Blake York,blake.york@ext-84f9b1.com,User,Designer,members AgentCreatorBootcamp_AMEA_August_2025,2025-08-08T15:20:42.887Z
Avery Reid,avery.reid@snaplogic.com,Environment admin,Designer AutoSync,members admins,2025-02-18T15:56:24.894Z
Avery Utley,avery.utley@snaplogic.com,Environment admin,Designer AutoSync,members admins,2024-07-15T14:28:00.871Z
Brett Flynn,brett.flynn@ext-26da4f.com,User,Designer,members,2025-11-06T18:24:33.981Z
Brett Foster,brett.foster@ext-26da4f.com,User,Designer,members AgentCreatorBootcamp_EMEA_January_2026,2026-01-11T22:39:42.358Z
Brett Harris,brett.harris@ext-023686.com,User,Designer,members AgentCreatorBootcamp_EMEA_November_2025,2025-11-23T18:50:05.098Z
Brett Iyer,brett.iyer@ext-26da4f.com,User,Designer,members AC_Bootcamp_US_February_2026,2026-02-02T17:13:21.342Z
Brett Reyes,brett.reyes@ext-138750.com,User,Designer AutoSync,members AgentCreatorBootcamp_EMEA_May_2025,2025-05-18T20:51:27.761Z
Brett York,brett.york@ext-87f55d.com,User,Designer,members AgentCreatorBootcamp_EMEA_November_2025,2025-11-23T18:52:48.997Z
Avery Vance,avery.vance@snaplogic.com,Environment admin,Designer,members admins AgentCreatorBootcamp_AMEA_August_2025 AgentCreatorBootcamp_EMEA_January_2026,2023-11-21T14:59:53.304Z
Brett Zhu,brett.zhu@ext-6d35fd.com,User,Designer,members AgentCreatorBootcamp_EMEA_March_2026,2026-03-22T19:06:03.983Z
Brett Zhu,brett.zhu@ext-9c4f44.com,User,Designer AutoSync,members PartnerThree AgentCreatorPartnerTraining PartnerThree_Demos,2025-01-28T09:49:34.657Z
Casey Cooper,casey.cooper@ext-9c4f44.com,User,Designer,members Bootcamp_EMEA_February_2026,2026-02-22T12:09:43.247Z
Avery Yamada,avery.yamada@snaplogic.com,User,Designer,members,2026-01-31T17:18:22.125Z
Casey Foster,casey.foster@ext-51bb1d.com,User,Designer,members AgentCreatorBootcamp_EMEA_October_2025,2025-10-06T16:16:20.448Z
Casey Quinn,casey.quinn@ext-f34ab7.com,User,Designer,members AgentCreatorBootcamp_EMEA_November_2025,2025-11-23T18:50:10.743Z
Casey Reyes,casey.reyes@ext-26da4f.com,User,Designer,members AgentCreatorBootcampEMEA_June2026,2026-06-24T06:58:41.128Z
Casey Reyes,casey.reyes@ext-387eea.com,User,,members_devportal,2025-01-09T17:19:20.707Z
Casey Reyes,casey.reyes@ext-9bcd09.com,User,Designer,members AC_Bootcamp_US_February_2026,2026-01-31T17:42:44.198Z
Blake Adams,blake.adams@snaplogic.com,User,Designer,members,2026-01-31T17:18:28.414Z
Casey Reyes,casey.reyes@ext-c1bbf2.com,User,Designer,members Bootcamp_US_June_2025 PartnerOne,2025-06-27T15:52:01.332Z
Casey Utley,casey.utley@ext-591bfe.com,User,Designer,members AgentCreatorBootcamp_EMEA_October_2025 AC_Bootcamp_US_February_2026,2025-10-06T16:15:18.007Z
Blake Chen,blake.chen@snaplogic.com,User,Designer,members,2026-01-31T17:18:35.308Z
Casey Wang,casey.wang@ext-591bfe.com,User,Designer,members CustomerCharlie_AiWorkshop,2025-12-16T17:57:04.464Z
Blake Garcia,blake.garcia@snaplogic.com,User,Designer,members,2026-01-31T17:18:42.749Z
Casey Wells,casey.wells@ext-591bfe.com,User,Designer,members AC_Bootcamp_US_February_2026 Bootcamp_EMEA_February_2026,2026-01-31T18:39:39.446Z
Casey York,casey.york@ext-387eea.com,User,Designer,members Bootcamp_EMEA_February_2026 AgentCreatorBootcamp_EMEA_May_2026,2026-02-22T12:14:42.919Z
Charlie Chen,charlie.chen@ext-44cf86.com,User,Designer,members AgentCreatorBootcamp_AMEA_August_2025,2025-08-08T15:23:48.442Z
Charlie Foster,charlie.foster@ext-634bab.com,User,Designer,members Bootcamp_EMEA_February_2026,2026-02-23T09:21:43.232Z
Charlie Holt,charlie.holt@ext-7bf6fa.com,User,Designer,members AgentCreatorPartnerTraining AgentCreatorBootcamp_EMEA_January_2026,2024-10-22T11:59:26.556Z
Charlie Ibarra,charlie.ibarra@ext-a876a8.com,User,Designer,members AgentCreatorBootcamp_EMEA_January_2026,2024-10-11T11:49:14.212Z
Charlie Johal,charlie.johal@ext-f831a9.com,User,Designer,members AgentCreatorBootcamp_EMEA_November_2025,2025-11-23T18:48:33.436Z
Charlie Luna,charlie.luna@ext-3e076d.com,User,Designer,members AgentCreatorBootcamp_EMEA_January_2026,2026-01-12T10:42:19.303Z
Charlie Miller,charlie.miller@ext-1dfcd7.com,User,Designer,members Bootcamp_EMEA_February_2026,2025-10-24T08:16:19.915Z
Charlie Miller,charlie.miller@ext-7bf6fa.com,User,Designer,members AgentCreatorBootcamp_EMEA_November_2025 Bootcamp_EMEA_February_2026,2025-11-23T18:51:20.320Z
Charlie Miller,charlie.miller@ext-9c4f44.com,User,Designer,members Bootcamp_EMEA_February_2026,2026-02-20T13:10:27.911Z
Charlie Quinn,charlie.quinn@ext-591bfe.com,User,Designer AutoSync,members PartnerThree AgentCreatorPartnerTraining PartnerThree_Demos,2025-01-28T09:49:56.906Z
Charlie Singh,charlie.singh@ext-138750.com,User,Designer AutoSync,members AgentCreatorBootcamp_EMEA_June_2025,2025-06-15T21:08:36.357Z
Charlie Tran,charlie.tran@ext-ef0c92.com,User,AutoSync Designer,members AgentCreatorBootcamp_EMEA_May_2025,2025-05-18T20:52:05.706Z
Charlie Vega,charlie.vega@ext-d0173b.com,User,Designer,members AgentCreatorBootcamp_EMEA_May_2026,2026-05-18T08:38:40.972Z
Charlie Wang,charlie.wang@ext-84f9b1.com,User,Designer AutoSync,members AgentCreatorBootcamp_EMEA_June_2025,2025-06-15T21:17:53.209Z
Charlie Wells,charlie.wells@ext-1889cc.com,User,Designer,members AgentCreatorBootcamp_CustomerAlpha,2026-07-19T12:43:36.093Z
Charlie Zhang,charlie.zhang@ext-6d35fd.com,User,Designer,members AgentCreatorBootcamp_EMEA_March_2026 AgentCreatorBootcamp_EMEA_May_2026,2026-03-22T19:06:00.206Z
Dana Cooper,dana.cooper@ext-f34ab7.com,User,Designer,members AC_Bootcamp_US_February_2026,2026-01-31T18:39:52.891Z
Brett Davis,brett.davis@snaplogic.com,Environment admin,Designer AutoSync,members admins,2023-10-09T07:21:34.659Z
Brett Miller,brett.miller@snaplogic.com,User,,members,2025-04-15T07:54:02.269Z
Dana Ellis,dana.ellis@ext-8bf904.com,User,Designer,members AgentCreatorBootcamp_EMEA_November_2025,2025-11-23T18:50:34.989Z
Brett Quinn,brett.quinn@snaplogic.com,User,Designer,members Bootcamp_US_June_2025 US_Bootcamp_August_2025,2023-10-10T10:28:01.642Z
Dana Foster,dana.foster@ext-591bfe.com,User,AutoSync Designer,members AgentCreatorBootcamp_EMEA_May_2025,2025-05-18T20:51:48.479Z
Brett Wang,brett.wang@snaplogic.com,User,Designer,members,2026-01-31T17:18:50.957Z
Dana Johal,dana.johal@ext-2c0c28.com,User,Designer AutoSync,members AgentCreatorBootcamp_EMEA_June_2025 AgentCreatorBootcamp_EMEA_June_2025_GroupB PartnerTwo,2024-02-21T05:42:30.985Z
Dana Miller,dana.miller@ext-d0173b.com,User,Designer,members AgentCreatorBootcamp_EMEA_October_2025,2025-10-06T16:09:26.967Z
Dana Miller,dana.miller@ext-f34ab7.com,User,Designer,members Bootcamp_US_June_2025,2025-06-30T16:00:45.502Z
Casey Ellis,casey.ellis@snaplogic.com,Environment admin,Designer AutoSync,members admins,2025-02-27T17:37:52.732Z
Dana Moss,dana.moss@ext-1dfcd7.com,User,Designer,members Bootcamp_EMEA_February_2026 AgentCreatorBootcamp_EMEA_March_2026 AgentCreatorBootcamp_EMEA_May_2026,2026-02-22T12:14:14.096Z
Dana Nash,dana.nash@ext-023686.com,User,Designer,members AgentCreatorBootcamp_EMEA_November_2025,2025-11-23T18:51:52.653Z
Dana Nash,dana.nash@ext-0ffece.com,User,Designer,members AgentCreatorBootcamp_EMEA_March_2026,2026-03-22T19:04:28.743Z
Dana Quinn,dana.quinn@ext-9c4f44.com,User,Designer,members AgentCreatorBootcamp_EMEA_June_2025 Bootcamp_US_June_2025 AgentCreatorBootcamp_EMEA_October_2025 AgentCreatorBootcamp_EMEA_November_2025,2025-06-27T15:53:12.428Z
Casey Knox,casey.knox@snaplogic.com,User,Designer,members,2026-01-31T17:19:39.192Z
Dana Shah,dana.shah@ext-591bfe.com,User,Designer,members AgentCreatorBootcampEMEA_June2026,2026-06-23T05:17:37.917Z
Dana Torres,dana.torres@ext-f34ab7.com,User,Designer,members AgentCreatorBootcamp_CustomerAlpha,2026-07-20T09:57:38.515Z
Casey Ortiz,casey.ortiz@snaplogic.com,User,Designer,members AgentCreatorBootcamp_AMEA_August_2025,2025-08-08T15:23:06.631Z
Dana Tran,dana.tran@ext-591bfe.com,User,Designer,members AgentCreatorBootcamp_EMEA_November_2025,2025-11-23T18:45:51.475Z
Dana Vance,dana.vance@ext-7bf6fa.com,User,Designer,members AC_Bootcamp_US_February_2026,2026-01-31T18:39:59.008Z
Dana Vega,dana.vega@ext-73c6f0.com,User,Designer,members AC_Bootcamp_US_February_2026,2026-01-31T18:40:05.522Z
Dana Zhu,dana.zhu@ext-7bf6fa.com,User,Designer,members US_Bootcamp_August_2025,2025-08-07T14:29:23.586Z
Casey Tran,casey.tran@snaplogic.com,Environment admin,,members admins,2025-06-10T14:28:43.934Z
Charlie Baker,charlie.baker@snaplogic.com,User,,members,2026-03-12T14:29:03.442Z
Charlie Brooks,charlie.brooks@snaplogic.com,Environment admin,Designer AutoSync,members admins AgentCreatorBootcamp_EMEA_June_2025 ExampleDemo,2025-02-18T15:57:02.313Z
Devon Holt,devon.holt@ext-0a199e.com,User,Designer,members Bootcamp_US_June_2025,2025-06-27T15:54:26.154Z
Devon Holt,devon.holt@ext-30d03e.com,User,Designer,members,2024-02-09T12:34:26.206Z
Devon Park,devon.park@ext-0f3815.com,User,Designer,members AgentCreatorBootcamp_EMEA_November_2025 PartnerOne,2025-11-23T18:53:25.968Z
Devon Torres,devon.torres@ext-0fa3d4.com,User,Designer,members AgentCreatorBootcamp_EMEA_November_2025,2025-11-23T18:52:16.313Z
Devon Ueda,devon.ueda@ext-26da4f.com,User,Designer,members,2026-03-27T16:54:06.799Z
Devon Vance,devon.vance@ext-9c4f44.com,User,Designer,members AC_Bootcamp_US_February_2026,2026-01-31T18:40:10.870Z
Devon Vega,devon.vega@ext-445152.com,User,Designer,members US_Bootcamp_August_2025,2025-08-11T15:57:12.548Z
Devon Vega,devon.vega@ext-eda065.com,User,Designer,members AgentCreatorBootcampEMEA_June2026,2026-06-24T06:57:08.067Z
Devon Wang,devon.wang@ext-7bf6fa.com,User,Designer,members Bootcamp_EMEA_February_2026,2026-02-22T12:13:03.277Z
Devon Yamada,devon.yamada@ext-f34ab7.com,User,Designer,members CustomerCharlie_AiWorkshop,2025-12-16T17:57:11.344Z
Drew Flynn,drew.flynn@ext-591bfe.com,User,Designer,members AgentCreatorBootcamp_EMEA_November_2025,2025-11-23T18:50:00.784Z
Charlie Reyes,charlie.reyes@snaplogic.com,User,Designer,members AgentCreatorBootcamp_EMEA_June_2025 Bootcamp_US_June_2025,2023-08-28T19:51:03.476Z
Charlie Shah,charlie.shah@snaplogic.com,Environment admin,Designer,members admins AgentCreatorBootcamp_EMEA_October_2025,2025-10-06T16:10:22.344Z
Dana Foster,dana.foster@snaplogic.com,Environment admin,Designer AutoSync,members admins,2024-12-02T18:28:06.176Z
Drew Ibarra,drew.ibarra@ext-26da4f.com,User,Designer,members AgentCreatorBootcamp_AMEA_August_2025,2025-08-08T15:18:41.711Z
Drew Jensen,drew.jensen@ext-591bfe.com,User,Designer,members AgentCreatorBootcamp_EMEA_May_2026,2026-05-17T21:19:04.363Z
Dana Lopez,dana.lopez@snaplogic.com,User,Designer,members,2026-01-31T17:19:47.488Z
Drew Jensen,drew.jensen@ext-a876a8.com,User,Designer,members AgentCreatorBootcamp_EMEA_January_2026,2025-12-22T15:28:39.096Z
Drew Park,drew.park@ext-9a0743.com,User,Designer,members PartnerOne AgentCreatorBootcamp_EMEA_January_2026,2026-01-06T09:06:22.920Z
Dana Moss,dana.moss@snaplogic.com,Environment admin,Designer,members admins,2024-05-12T07:06:28.925Z
Drew Park,drew.park@ext-c8d2ab.com,User,Designer,members AC_Bootcamp_US_February_2026,2026-01-31T18:40:28.085Z
Drew Quinn,drew.quinn@ext-524d8d.com,User,Designer,members Bootcamp_EMEA_February_2026,2024-12-17T13:17:03.070Z
Drew Quinn,drew.quinn@ext-f34ab7.com,User,Designer,members PartnerThree PartnerThree_Demos,2024-05-02T15:03:28.867Z
Drew Reyes,drew.reyes@ext-34409a.com,User,Designer,members PartnerThree PartnerThree_Demos Bootcamp_EMEA_February_2026,2025-03-25T12:10:52.336Z
Drew Shah,drew.shah@ext-591bfe.com,User,Designer,members AgentCreatorBootcamp_EMEA_March_2026,2024-01-04T17:03:23.349Z
Dana Patel,dana.patel@snaplogic.com,Environment admin,Designer AutoSync,members admins,2024-12-02T18:27:29.426Z
Drew Torres,drew.torres@ext-0a199e.com,User,Designer,members AC_Bootcamp_US_February_2026,2026-01-31T18:40:39.355Z
Eden Davis,eden.davis@ext-387eea.com,User,Designer,members AC_Bootcamp_US_February_2026,2026-01-31T18:40:48.222Z
Eden Diaz,eden.diaz@ext-dc2a05.com,User,Designer,members AgentCreatorBootcamp_AMEA_August_2025 AgentCreatorBootcamp_EMEA_March_2026,2025-08-08T15:22:14.145Z
Devon Foster,devon.foster@snaplogic.com,Environment admin,Designer AutoSync,members admins,2025-10-20T16:45:53.089Z
Devon Garcia,devon.garcia@snaplogic.com,User,Designer,members,2026-01-31T17:19:55.231Z
Devon Holt,devon.holt@snaplogic.com,User,Designer AutoSync,members,2024-06-18T13:22:15.799Z
Devon Yamada,devon.yamada@snaplogic.com,Environment admin,Designer,members admins,2023-04-25T18:41:30.496Z
Eden Flynn,eden.flynn@ext-669f45.com,User,Designer,members Bootcamp_EMEA_February_2026,2026-02-22T12:14:36.174Z
Eden Holt,eden.holt@ext-26da4f.com,User,,members,2024-01-11T10:23:13.119Z
Eden Iyer,eden.iyer@ext-26da4f.com,User,Designer,members US_Bootcamp_August_2025,2025-08-07T14:33:04.651Z
Devon Zhu,devon.zhu@snaplogic.com,User,Designer,members,2026-01-31T17:20:00.609Z
Drew Patel,drew.patel@snaplogic.com,Environment admin,Designer AutoSync,members admins,2025-02-25T10:08:42.698Z
Drew Ueda,drew.ueda@snaplogic.com,Environment admin,Designer,members admins,2026-06-18T17:29:32.687Z
Drew Utley,drew.utley@snaplogic.com,Environment admin,Designer,members admins,2024-05-10T18:34:21.573Z
Drew Vance,drew.vance@snaplogic.com,Environment admin,Designer AutoSync,members admins,2023-08-29T15:28:10.579Z
Drew Yamada,drew.yamada@snaplogic.com,Environment admin,Designer AutoSync,members admins,2025-03-20T09:40:13.348Z
Eden Cooper,eden.cooper@snaplogic.com,User,Designer,members,2026-01-31T17:20:03.945Z
Eden Kim,eden.kim@ext-73c6f0.com,User,Designer,members US_Bootcamp_August_2025,2025-08-07T14:25:55.553Z
Eden Kim,eden.kim@ext-7bf6fa.com,User,Designer,members AgentCreatorBootcamp_AMEA_August_2025 PartnerOne,2025-08-08T15:20:20.752Z
Eden Nash,eden.nash@ext-127938.com,User,Designer,members AgentCreatorBootcamp_AMEA_August_2025 PartnerOne,2025-08-11T07:57:02.769Z
Eden Quinn,eden.quinn@ext-9c4f44.com,User,Designer,members AC_Bootcamp_US_February_2026,2026-01-31T18:41:14.660Z
Eden Reid,eden.reid@ext-0bcee0.com,User,Designer,members AgentCreatorBootcamp_EMEA_March_2026,2026-03-22T19:02:27.679Z
Eden Utley,eden.utley@ext-872968.com,User,Designer,members AgentCreatorBootcamp_AMER_May_2025,2025-05-12T15:00:52.176Z
Eden Flynn,eden.flynn@snaplogic.com,Environment admin,Designer,members admins,2025-05-19T17:09:11.920Z
Eden Vega,eden.vega@ext-d00c77.com,User,Designer,members AgentCreatorBootcamp_EMEA_March_2026,2025-08-20T07:58:21.698Z
Eden Wang,eden.wang@ext-634bab.com,User,Designer,members CustomerCharlie_AiWorkshop,2025-12-16T17:57:16.283Z
Eden Xia,eden.xia@ext-6babeb.com,User,Designer,members AgentCreatorBootcamp_EMEA_November_2025,2025-11-23T18:46:09.244Z
Eden Xu,eden.xu@ext-40fcab.com,User,Designer,members AgentCreatorBootcamp_EMEA_January_2026,2026-01-11T22:25:49.255Z
Eden Foster,eden.foster@snaplogic.com,User,Designer,members AgentCreatorBootcamp_EMEA_January_2026,2026-01-11T22:37:40.038Z
Eden Yamada,eden.yamada@ext-524d8d.com,Environment admin,Designer,members admins,2024-10-10T18:23:40.275Z
Eden York,eden.york@ext-84f9b1.com,User,Designer,members AC_Bootcamp_US_February_2026,2026-01-31T18:41:58.845Z
Ellis Brooks,ellis.brooks@ext-3e9741.com,User,Designer,members AC_Bootcamp_US_February_2026,2026-01-31T18:42:10.133Z
Ellis Ellis,ellis.ellis@ext-1dfcd7.com,User,Designer AutoSync,members AgentCreatorBootcamp_EMEA_May_2025,2025-05-18T20:54:11.434Z
Ellis Garcia,ellis.garcia@ext-9bcd09.com,User,Designer,members AgentCreatorBootcamp_EMEA_November_2025,2025-11-23T18:47:42.445Z
Eden Johal,eden.johal@snaplogic.com,Environment admin,Designer AutoSync,members admins Bootcamp_US_June_2025 US_Bootcamp_August_2025,2025-02-18T15:55:41.041Z
Ellis Kim,ellis.kim@ext-6e4f12.com,User,Designer,members AgentCreatorBootcamp_EMEA_May_2026,2026-05-17T21:19:26.980Z
Ellis Moss,ellis.moss@ext-591bfe.com,User,Designer,members AC_Bootcamp_US_February_2026,2026-01-31T18:41:45.094Z
Eden Nguyen,eden.nguyen@snaplogic.com,User,Designer,members,2024-12-03T11:47:18.569Z
Eden Vance,eden.vance@snaplogic.com,User,,members,2025-01-14T09:35:57.932Z
Ellis Zhu,ellis.zhu@snaplogic.com,Environment admin,,members admins,2024-12-12T14:18:12.504Z
Fern Jensen,fern.jensen@snaplogic.com,User,Designer,members,2025-01-14T15:48:33.221Z
Fern Patel,fern.patel@snaplogic.com,Environment admin,Designer AutoSync,members admins,2023-09-20T14:38:15.531Z
Ellis Nash,ellis.nash@ext-9c4f44.com,User,Designer,members,2025-05-01T13:46:58.969Z
Ellis Nguyen,ellis.nguyen@ext-26da4f.com,User,Designer,members AgentCreatorBootcamp_AMER_May_2025,2025-05-12T15:00:41.844Z
Fern Reyes,fern.reyes@snaplogic.com,User,Designer,members,2026-01-31T17:20:44.691Z
Ellis Ueda,ellis.ueda@ext-7bf6fa.com,User,Designer,members AgentCreatorBootcampEMEA_June2026,2026-06-24T06:59:03.887Z
Ellis Vega,ellis.vega@ext-7bf6fa.com,User,Designer,members AgentCreatorBootcampEMEA_June2026,2026-06-24T06:59:12.425Z
Fern Foster,fern.foster@ext-a876a8.com,User,Designer,members AgentCreatorBootcamp_AMER_May_2025,2025-05-12T15:00:45.039Z
Fern Miller,fern.miller@ext-138750.com,User,Designer,members AgentCreatorBootcamp_EMEA_January_2026 Bootcamp_EMEA_February_2026,2026-01-11T22:26:29.760Z
Fern Nash,fern.nash@ext-a876a8.com,User,Designer,members PartnerThree PartnerThree_Demos,2024-02-22T09:57:56.697Z
Fern Xia,fern.xia@snaplogic.com,User,Designer,members,2026-01-31T17:20:49.171Z
Fern Nguyen,fern.nguyen@ext-26da4f.com,User,Designer,members AgentCreatorBootcamp_EMEA_May_2025 AgentCreatorBootcamp_EMEA_June_2025 PartnerTwo Bootcamp_EMEA_February_2026,2025-05-18T20:53:16.172Z
Fern Ortiz,fern.ortiz@ext-f17098.com,User,Designer,members AgentCreatorBootcamp_EMEA_November_2025,2025-11-23T18:47:48.383Z
Fern Park,fern.park@ext-591bfe.com,User,Designer,members AgentCreatorBootcamp_EMEA_October_2025 PartnerOne,2025-10-06T16:15:28.105Z
Fern Reid,fern.reid@ext-84f9b1.com,User,Designer,members AgentCreatorBootcamp_AMER_May_2025,2025-05-12T15:00:36.994Z
Finley Grant,finley.grant@snaplogic.com,User,Designer,members,2026-01-31T17:20:58.427Z
Finley Knox,finley.knox@snaplogic.com,Environment admin,Designer AutoSync,members admins,2025-05-22T16:12:33.354Z
Finley Wang,finley.wang@snaplogic.com,Environment admin,Designer AutoSync,members admins,2023-05-03T20:12:40.500Z
Fern Singh,fern.singh@ext-f831a9.com,User,Designer,members AgentCreatorBootcamp_AMER_May_2025,2025-05-15T15:59:24.083Z
Fern Torres,fern.torres@ext-e5463a.com,User,Designer,members Bootcamp_EMEA_February_2026,2023-09-28T07:18:55.151Z
Gray Kim,gray.kim@snaplogic.com,User,Designer,members,2026-01-31T17:21:08.128Z
Fern Ueda,fern.ueda@ext-57a260.com,User,Designer,members AgentCreatorBootcamp_AMEA_August_2025 PartnerOne,2025-08-11T07:56:49.606Z
Fern Vega,fern.vega@ext-321b87.com,User,Designer,members Bootcamp_EMEA_February_2026,2025-09-26T09:04:37.494Z
Gray Park,gray.park@snaplogic.com,User,Designer,members AgentCreatorBootcamp_EMEA_January_2026,2026-01-11T22:40:01.473Z
Fern Xia,fern.xia@ext-26da4f.com,User,Designer,members AgentCreatorBootcamp_EMEA_November_2025,2025-11-23T18:53:13.710Z
Fern Xu,fern.xu@ext-591bfe.com,User,Designer AutoSync,members AgentCreatorTraining PartnerTwo,2025-04-07T08:24:35.939Z
Fern Zhu,fern.zhu@ext-7bf6fa.com,User,Designer,members AgentCreatorBootcamp_EMEA_January_2026,2026-01-11T22:38:26.614Z
Finley Chen,finley.chen@ext-660f96.com,User,Designer,members AgentCreatorBootcamp_AMER_May_2025 AgentCreatorBootcamp_EMEA_May_2025 AgentCreatorBootcamp_EMEA_June_2025,2025-05-12T15:00:50.349Z
Finley Ellis,finley.ellis@ext-9c4f44.com,User,Designer,members AgentCreatorBootcamp_CustomerAlpha,2026-07-19T12:42:36.675Z
Finley Foster,finley.foster@ext-e23ed7.com,User,Designer AutoSync,members AgentCreatorBootcamp_EMEA_May_2025,2025-05-18T20:53:28.336Z
Finley Garcia,finley.garcia@ext-8de689.com,User,Designer AutoSync,members AgentCreatorBootcamp_EMEA_June_2025,2025-06-15T21:09:07.945Z
Finley Harris,finley.harris@ext-5ad5df.com,User,Designer,members AgentCreatorBootcamp_CustomerAlpha,2026-07-20T05:20:02.897Z
Finley Kim,finley.kim@ext-626339.com,User,Designer AutoSync,members AgentCreatorBootcamp_EMEA_June_2025,2025-06-15T21:09:19.654Z
Finley Miller,finley.miller@ext-f34ab7.com,User,Designer AutoSync,members AgentCreatorBootcamp_EMEA_June_2025,2025-01-27T10:35:18.484Z
Finley Moss,finley.moss@ext-40fcab.com,User,Designer,members AgentCreatorBootcamp_AMER_May_2025,2025-05-15T18:20:23.184Z
Gray Vance,gray.vance@snaplogic.com,User,Designer,members,2026-01-31T17:22:06.841Z
Finley Ortiz,finley.ortiz@ext-8bf904.com,User,Designer,members AgentCreatorBootcamp_EMEA_October_2025 PartnerOne,2025-10-06T16:16:07.751Z
Finley Quinn,finley.quinn@ext-f34ab7.com,User,Designer AutoSync,members AgentCreatorPartnerTraining,2024-08-26T06:21:49.683Z
Finley Vance,finley.vance@ext-387eea.com,User,Designer,members AgentCreatorBootcamp_EMEA_January_2026,2026-01-11T22:38:32.167Z
Gray Vega,gray.vega@snaplogic.com,User,Designer,members,2026-01-31T17:21:18.843Z
Gray Wang,gray.wang@snaplogic.com,User,Designer,members,2024-04-04T10:01:54.472Z
Finley Vance,finley.vance@ext-ee563a.com,User,Designer,members AC_Bootcamp_US_February_2026,2026-01-31T18:42:22.735Z
Finley Wells,finley.wells@ext-7bf6fa.com,User,Designer,members AgentCreatorBootcampEMEA_June2026,2026-06-24T08:54:33.710Z
Finley Xu,finley.xu@ext-591bfe.com,User,Designer,members US_Bootcamp_August_2025,2025-08-07T14:33:24.054Z
Finley Xu,finley.xu@ext-634bab.com,User,Designer,members AgentCreatorBootcamp_EMEA_October_2025,2025-10-06T16:14:49.906Z
Finley Zhu,finley.zhu@ext-26da4f.com,User,Designer AutoSync,members AgentCreatorBootcamp_EMEA_May_2025,2025-05-18T20:57:26.584Z
Gray Adams,gray.adams@ext-a876a8.com,User,Designer,members AgentCreatorBootcamp_EMEA_November_2025,2025-11-23T18:52:27.897Z
Gray Yamada,gray.yamada@snaplogic.com,Environment admin,Designer AutoSync,members admins,2024-03-20T16:44:52.964Z
Gray York,gray.york@snaplogic.com,User,Designer,members US_Bootcamp_August_2025,2024-12-20T07:37:54.729Z
Harper Cooper,harper.cooper@snaplogic.com,User,Designer,members AgentCreatorBootcamp_EMEA_January_2026,2024-05-22T13:08:13.019Z
Harper Davis,harper.davis@snaplogic.com,Environment admin,Designer AutoSync,members admins,2024-02-02T10:41:26.271Z
Gray Chen,gray.chen@ext-f34ab7.com,User,Designer,members AgentCreatorBootcamp_EMEA_June_2025 AgentCreatorBootcamp_EMEA_May_2026,2025-06-15T21:17:24.639Z
Gray Davis,gray.davis@ext-11b1b5.com,User,Designer AutoSync,members AgentCreatorPartnerTraining,2025-01-28T09:51:32.437Z
Gray Diaz,gray.diaz@ext-2b7a1c.com,User,Designer,members AC_Bootcamp_US_February_2026,2026-01-31T18:42:48.031Z
Gray Flynn,gray.flynn@ext-8de689.com,User,Designer,members AgentCreatorBootcamp_EMEA_March_2026,2025-10-13T09:06:56.546Z
Gray Garcia,gray.garcia@ext-5e8879.com,User,,members,2024-01-11T10:23:36.866Z
Harper Evans,harper.evans@snaplogic.com,User,Designer,members,2026-01-31T17:22:16.921Z
Gray Iyer,gray.iyer@ext-36a867.com,User,Designer,members AC_Bootcamp_US_February_2026,2026-01-31T18:42:36.016Z
Gray Iyer,gray.iyer@ext-387eea.com,User,Designer,members AgentCreatorBootcamp_AMEA_August_2025,2024-11-01T15:38:36.642Z
Gray Lopez,gray.lopez@ext-0a199e.com,User,Designer,members AgentCreatorBootcamp_EMEA_March_2026,2026-03-22T19:06:11.387Z
Gray Park,gray.park@ext-1d67bb.com,User,Designer AutoSync,members AgentCreatorBootcamp_EMEA_June_2025,2025-06-15T21:21:35.247Z
Gray Park,gray.park@ext-f34ab7.com,User,Designer,members CustomerCharlie_AiWorkshop,2025-12-16T17:57:25.187Z
Gray Wells,gray.wells@ext-44cf86.com,User,Designer,members PartnerFive,2024-06-13T09:06:08.338Z
Gray Xu,gray.xu@ext-298aa5.com,User,Designer,members AC_Bootcamp_US_February_2026,2026-01-31T18:43:01.648Z
Gray Xu,gray.xu@ext-591bfe.com,User,Designer,members AgentCreatorBootcamp_AMER_May_2025 AgentCreatorBootcamp_EMEA_June_2025,2025-05-12T15:00:49.636Z
Gray Zhang,gray.zhang@ext-445152.com,User,Designer,members AgentCreatorBootcampEMEA_June2026,2026-06-24T06:57:36.008Z
Gray Zhang,gray.zhang@ext-a876a8.com,User,Designer,members customer_delta_mobility AgentCreatorTraining_CustomerBravo,2024-12-06T11:16:57.696Z
Gray Zhu,gray.zhu@ext-5e285b.com,User,Designer AutoSync,members AgentCreatorBootcamp_EMEA_June_2025,2025-06-15T21:17:04.348Z
Harper Brooks,harper.brooks@ext-591bfe.com,User,Designer AutoSync,members AgentCreatorBootcamp_EMEA_June_2025 PartnerTwo,2025-06-15T21:17:39.709Z
Harper Cooper,harper.cooper@ext-bb22e0.com,User,Designer,members Bootcamp_EMEA_February_2026,2026-02-22T12:13:52.435Z
Harper Garcia,harper.garcia@ext-0ffece.com,User,Designer,members AgentCreatorBootcamp_AMER_May_2025,2025-05-12T15:00:46.311Z
Harper Ibarra,harper.ibarra@ext-5e8879.com,User,Designer AutoSync,members AgentCreatorBootcamp_EMEA_May_2025,2025-05-18T20:54:25.348Z
Harper Ibarra,harper.ibarra@ext-7e0fff.com,User,Designer,members AgentCreatorBootcamp_EMEA_November_2025,2025-11-23T18:51:46.980Z
Harper Holt,harper.holt@snaplogic.com,User,Designer,members,2026-01-31T17:22:22.512Z
Harper Iyer,harper.iyer@ext-06ae6b.com,User,Designer,members AgentCreatorBootcamp_AMEA_August_2025,2025-08-08T15:23:32.958Z
Harper Luna,harper.luna@ext-0bcee0.com,User,Designer,members AgentCreatorBootcamp_EMEA_October_2025 AgentCreatorBootcamp_EMEA_November_2025,2025-10-06T16:09:38.772Z
Harper Iyer,harper.iyer@snaplogic.com,Environment admin,Designer AutoSync,members admins,2024-12-05T18:09:13.881Z
Harper Nguyen,harper.nguyen@ext-138750.com,Environment admin,Designer,members admins,2025-05-15T15:55:55.593Z
Harper Ortiz,harper.ortiz@ext-387eea.com,User,Designer,members AgentCreatorBootcamp_EMEA_October_2025,2025-10-06T16:13:13.920Z
Harper Reyes,harper.reyes@ext-591bfe.com,User,Designer AutoSync,members AgentCreatorTraining_CustomerBravo,2025-04-28T10:45:01.106Z
Harper Singh,harper.singh@snaplogic.com,Environment admin,Designer,members admins,2025-07-16T14:42:07.439Z
Hayden Evans,hayden.evans@snaplogic.com,User,Designer AutoSync,members,2024-10-16T15:05:33.235Z
Hayden Knox,hayden.knox@snaplogic.com,Environment admin,Designer,members admins,2023-05-04T22:24:27.414Z
Harper Torres,harper.torres@ext-26da4f.com,User,Designer,members AgentCreatorBootcampEMEA_June2026,2026-06-24T06:57:15.983Z
Harper Wang,harper.wang@ext-fc167d.com,User,Designer,members,2026-03-27T16:53:19.911Z
Harper Xia,harper.xia@ext-591bfe.com,User,Designer AutoSync,members PartnerThree AgentCreatorPartnerTraining AgentCreatorTraining AgentCreatorBootcamp_EMEA_May_2025 PartnerThree_Demos AgentCreatorBootcamp_EMEA_June_2025 AgentCreatorBootcamp_AMEA_August_2025 AgentCreatorBootcamp_EMEA_October_2025,2025-01-28T09:50:14.929Z
Hayden Tran,hayden.tran@snaplogic.com,Environment admin,Designer,members admins,2023-09-22T17:52:32.621Z
Harper Zhang,harper.zhang@ext-7bf6fa.com,User,Designer AutoSync,members AgentCreatorBootcamp_EMEA_May_2025,2025-05-18T20:57:13.137Z
Harper Zhu,harper.zhu@ext-f34ab7.com,User,Designer,members AgentCreatorBootcamp_AMEA_August_2025,2025-08-08T15:22:28.770Z
Hayden Chen,hayden.chen@ext-669f45.com,User,Designer AutoSync,members AgentCreatorBootcamp_EMEA_May_2025 PartnerOne,2025-05-18T20:54:36.736Z
Hayden Jensen,hayden.jensen@ext-591bfe.com,User,Designer,members AgentCreatorBootcamp_AMER_May_2025,2025-05-12T15:00:50.927Z
Hayden Ueda,hayden.ueda@snaplogic.com,User,Designer,members,2026-01-31T17:22:27.880Z
Hayden Knox,hayden.knox@ext-e42d60.com,User,,members,2024-01-11T10:24:06.127Z
Hayden Nash,hayden.nash@ext-8e55ec.com,User,Designer,members AC_Bootcamp_US_February_2026,2026-01-31T18:43:16.197Z
Indira Evans,indira.evans@snaplogic.com,Environment admin,Designer AutoSync,members admins,2026-07-08T21:02:41.163Z
Hayden Osei,hayden.osei@ext-26da4f.com,User,Designer,members AgentCreatorBootcamp_CustomerAlpha,2026-07-20T05:20:18.514Z
Hayden Reid,hayden.reid@ext-387eea.com,User,Designer,members,2025-08-07T08:03:42.107Z
Hayden Reid,hayden.reid@ext-445152.com,User,AutoSync Designer,members AgentCreatorBootcamp_EMEA_May_2025,2025-05-18T20:54:48.481Z
Hayden Tran,hayden.tran@ext-387eea.com,User,Designer,members AC_Bootcamp_US_February_2026,2026-02-03T16:41:58.872Z
Hayden Tran,hayden.tran@ext-e8824e.com,User,Designer,members AgentCreatorBootcamp_CustomerAlpha,2026-07-19T12:44:04.007Z
Hayden Utley,hayden.utley@ext-f34ab7.com,User,Designer,members AgentCreatorBootcamp_EMEA_June_2025 PartnerTwo,2025-06-30T15:55:05.350Z
Hayden Vega,hayden.vega@ext-8bfe2a.com,User,Designer,members AgentCreatorBootcamp_AMEA_August_2025,2025-08-08T15:18:24.872Z
Hayden York,hayden.york@ext-26da4f.com,User,Designer,members US_Bootcamp_August_2025,2025-08-07T14:31:15.656Z
Hayden York,hayden.york@ext-7abd01.com,User,Designer,members AC_Bootcamp_US_February_2026,2026-01-31T18:40:59.979Z
Indira Luna,indira.luna@snaplogic.com,User,Designer,members,2026-01-31T17:22:38.986Z
Hayden York,hayden.york@ext-a876a8.com,User,Designer,members Bootcamp_EMEA_February_2026,2025-01-09T11:54:58.759Z
Hayden Zhu,hayden.zhu@ext-26da4f.com,User,Designer AutoSync,members AgentCreatorTraining,2025-04-07T08:21:52.077Z
Indira Brooks,indira.brooks@ext-387eea.com,User,Designer,members AgentCreatorBootcamp_EMEA_January_2026,2026-01-11T22:39:49.678Z
Indira Davis,indira.davis@ext-1dfcd7.com,User,Designer,members AC_Bootcamp_US_February_2026,2026-01-31T18:43:31.179Z
Indira Davis,indira.davis@ext-6750f5.com,User,Designer,members AgentCreatorBootcampEMEA_June2026,2026-06-24T06:57:05.026Z
Indira Davis,indira.davis@ext-b2d11f.com,User,Designer AutoSync,members AgentCreatorTraining,2024-11-22T04:53:56.361Z
Indira Diaz,indira.diaz@ext-26da4f.com,User,Designer,members US_Bootcamp_August_2025,2025-08-07T14:28:10.802Z
Indira Osei,indira.osei@snaplogic.com,Environment admin,Designer AutoSync,members admins,2024-10-17T07:16:30.796Z
Indira Garcia,indira.garcia@ext-591bfe.com,User,Designer AutoSync,members AgentCreatorBootcamp_EMEA_June_2025,2025-06-15T21:29:10.209Z
Indira Jensen,indira.jensen@ext-1d67bb.com,User,Designer,members AgentCreatorBootcampEMEA_June2026,2026-06-24T06:57:02.073Z
Indira Jensen,indira.jensen@ext-f34ab7.com,User,Designer AutoSync,members AgentCreatorBootcamp_EMEA_June_2025,2025-06-15T21:10:03.904Z
Indira Moss,indira.moss@ext-d55f9c.com,User,Designer,members AgentCreatorBootcamp_EMEA_October_2025 AgentCreatorBootcamp_EMEA_November_2025 PartnerFour,2025-10-06T16:13:26.320Z
Indira Shah,indira.shah@ext-f34ab7.com,User,Designer,members US_Bootcamp_August_2025,2025-08-11T15:57:57.336Z
Indira Reid,indira.reid@snaplogic.com,User,Designer,members,2026-04-08T12:00:35.993Z
Indira Ueda,indira.ueda@snaplogic.com,Environment admin,Designer AutoSync,members admins,2023-09-25T05:44:38.507Z
Indira Utley,indira.utley@snaplogic.com,User,Designer,members AgentCreatorBootcamp_EMEA_January_2026,2026-01-11T22:39:45.683Z
Indira Xu,indira.xu@snaplogic.com,User,Designer,members,2026-01-31T17:23:26.871Z
Indira Utley,indira.utley@ext-84f9b1.com,User,Designer AutoSync,members AgentCreatorTraining PartnerTwo,2025-04-07T08:25:39.844Z
Indira Utley,indira.utley@ext-8b4821.com,User,Designer,members US_Bootcamp_August_2025,2025-08-07T14:32:19.246Z
Indira Vance,indira.vance@ext-9bcd09.com,User,Designer,members AC_Bootcamp_US_February_2026,2026-01-31T18:43:41.022Z
Indira Xia,indira.xia@ext-9bcd09.com,User,Designer,members,2026-03-27T16:52:09.814Z
Indira York,indira.york@ext-9f4eff.com,User,Designer,members Bootcamp_EMEA_February_2026,2026-02-22T12:14:32.442Z
Jamie Diaz,jamie.diaz@ext-65dca4.com,User,Designer,members Bootcamp_EMEA_February_2026,2026-02-20T13:12:05.431Z
Jamie Evans,jamie.evans@ext-9a0743.com,User,Designer,members CustomerCharlie_AiWorkshop,2025-12-16T17:57:35.374Z
Jamie Harris,jamie.harris@ext-298aa5.com,User,Designer,members AgentCreatorBootcamp_EMEA_May_2026,2026-05-17T21:19:25.304Z
Jamie Harris,jamie.harris@ext-a79f07.com,User,Designer,members AgentCreatorBootcamp_EMEA_October_2025,2024-08-21T10:15:34.775Z
Jamie Holt,jamie.holt@ext-0ffece.com,User,Designer,members AgentCreatorBootcampEMEA_June2026,2026-06-24T06:58:29.926Z
Jamie Evans,jamie.evans@snaplogic.com,Environment admin,Designer AutoSync,members admins,2024-10-07T21:29:24.396Z
Jamie Kim,jamie.kim@ext-387eea.com,User,Designer AutoSync,members AgentCreatorBootcamp_EMEA_June_2025,2025-06-15T21:22:35.563Z
Jamie Knox,jamie.knox@ext-387eea.com,User,Designer,members CustomerCharlie_AiWorkshop,2025-12-16T17:57:40.592Z
Jamie Luna,jamie.luna@ext-c1bbf2.com,User,Designer,members AgentCreatorBootcampEMEA_June2026,2026-06-24T06:56:55.033Z
Jamie Moss,jamie.moss@snaplogic.com,Environment admin,Designer AutoSync,members admins,2024-02-29T20:44:32.864Z
Jamie Moss,jamie.moss@ext-26da4f.com,User,Designer AutoSync,members PartnerThree PartnerThree_Demos,2025-03-25T12:12:09.804Z
Jamie Nguyen,jamie.nguyen@ext-7bf6fa.com,User,Designer,members AgentCreatorBootcamp_EMEA_January_2026,2026-01-11T22:25:23.359Z
Jamie Ortiz,jamie.ortiz@ext-669f45.com,User,Designer,members AgentCreatorBootcamp_EMEA_May_2026,2026-05-17T21:18:14.231Z
Jamie Quinn,jamie.quinn@ext-97c6c3.com,User,Designer,members AgentCreatorBootcamp_EMEA_November_2025,2025-11-12T10:46:38.226Z
Jamie Osei,jamie.osei@snaplogic.com,User,Designer,members,2026-01-31T17:23:32.872Z
Jamie Xu,jamie.xu@snaplogic.com,User,Designer,members,2026-01-31T17:23:39.653Z
Jamie Quinn,jamie.quinn@ext-a0fc39.com,User,Designer,members AgentCreatorBootcamp_EMEA_June_2025,2025-05-15T15:53:40.457Z
Jamie Vega,jamie.vega@ext-44cf86.com,User,Designer,members Bootcamp_EMEA_February_2026,2026-02-22T12:10:01.415Z
Jamie Xu,jamie.xu@ext-be3f8a.com,User,Designer,members AgentCreatorBootcamp_EMEA_November_2025,2025-11-23T18:47:36.986Z
Jamie Xu,jamie.xu@ext-f17098.com,User,Designer,members PartnersReadOnly,2024-01-10T09:10:04.830Z
Jamie Yamada,jamie.yamada@ext-f831a9.com,User,Designer,members AgentCreatorBootcamp_EMEA_November_2025 PartnerOne,2025-11-23T18:46:18.606Z
Jordan Adams,jordan.adams@snaplogic.com,User,Designer,members AgentCreatorBootcamp_EMEA_March_2026,2026-03-23T09:42:21.883Z
Jordan Diaz,jordan.diaz@snaplogic.com,User,Designer AutoSync,members AgentCreatorBootcamp_EMEA_June_2025,2025-06-16T09:52:16.014Z
Jordan Foster,jordan.foster@snaplogic.com,User,Designer,members Bootcamp_EMEA_February_2026,2026-02-23T09:53:06.615Z
Jordan Knox,jordan.knox@snaplogic.com,User,Designer,members AgentCreatorBootcamp_EMEA_March_2026,2026-03-23T09:41:42.843Z
Jordan Shah,jordan.shah@snaplogic.com,User,Designer,members Bootcamp_EMEA_February_2026,2026-02-23T10:22:27.830Z
Jordan Singh,jordan.singh@snaplogic.com,User,Designer,members AgentCreatorBootcamp_EMEA_March_2026,2026-03-23T09:41:48.506Z
Jordan Zhang,jordan.zhang@snaplogic.com,User,Designer,members,2026-03-03T00:31:58.237Z
Kai Evans,kai.evans@snaplogic.com,Environment admin,,members admins,2026-03-03T13:04:18.074Z
Kai Vance,kai.vance@snaplogic.com,User,Designer,members AgentCreatorBootcamp_EMEA_March_2026,2026-03-23T09:42:06.246Z
Kai Wang,kai.wang@snaplogic.com,User,Designer,members AgentCreatorBootcamp_EMEA_January_2026,2026-01-12T09:54:08.431Z
Kelly Flynn,kelly.flynn@snaplogic.com,User,Designer,members,2026-02-23T09:56:28.496Z
Kelly Moss,kelly.moss@snaplogic.com,User,Designer,members Bootcamp_EMEA_February_2026,2026-02-23T10:22:35.012Z
Kelly Ortiz,kelly.ortiz@snaplogic.com,User,Designer,members AgentCreatorBootcamp_EMEA_March_2026,2026-03-23T09:42:33.820Z
Lane Harris,lane.harris@snaplogic.com,User,Designer,members AgentCreatorBootcamp_EMEA_March_2026,2026-03-23T09:42:03.253Z
Lane Holt,lane.holt@snaplogic.com,User,Designer,members AgentCreatorBootcamp_EMEA_March_2026,2026-03-23T09:42:13.427Z
Lane Miller,lane.miller@snaplogic.com,User,Designer,members AgentCreatorBootcamp_EMEA_March_2026,2026-03-23T09:41:55.990Z
Lane Ueda,lane.ueda@snaplogic.com,User,Designer,members Bootcamp_EMEA_February_2026,2026-02-23T10:22:42.969Z
Lane Zhang,lane.zhang@snaplogic.com,User,Designer,members AgentCreatorBootcamp_EMEA_March_2026,2026-03-23T09:41:58.782Z
Lee Brooks,lee.brooks@snaplogic.com,User,Designer,members AgentCreatorBootcamp_EMEA_March_2026,2026-03-23T09:42:27.697Z
Lee Grant,lee.grant@snaplogic.com,Environment admin,Designer,members admins AgentCreatorBootcamp_EMEA_January_2026,2023-08-29T15:34:27.928Z
Jordan Davis,jordan.davis@ext-387eea.com,User,Designer,members AgentCreatorBootcamp_EMEA_January_2026,2026-01-11T22:27:47.387Z
Jordan Ellis,jordan.ellis@ext-591bfe.com,User,Designer,members AgentCreatorBootcamp_AMEA_August_2025,2025-08-11T10:48:31.793Z
Jordan Foster,jordan.foster@ext-f34ab7.com,User,Designer,members AgentCreatorBootcamp_CustomerAlpha,2026-07-19T12:42:38.316Z
Jordan Harris,jordan.harris@ext-7bf6fa.com,User,Designer AutoSync,members AgentCreatorBootcamp_EMEA_June_2025,2025-06-15T21:16:32.673Z
Jordan Holt,jordan.holt@ext-591bfe.com,User,Designer,members AgentCreatorBootcamp_EMEA_November_2025,2025-11-23T18:51:32.039Z
Jordan Miller,jordan.miller@ext-591bfe.com,User,Designer,members AgentCreatorBootcamp_AMER_May_2025,2025-05-12T15:00:51.471Z
Jordan Ortiz,jordan.ortiz@ext-7f91a9.com,User,Designer,members AgentCreatorBootcamp_CustomerAlpha,2026-07-19T12:43:56.191Z
Lee Harris,lee.harris@snaplogic.com,User,Designer AutoSync,members,2024-10-21T15:39:40.177Z
Lee Lopez,lee.lopez@snaplogic.com,Environment admin,Designer,members admins,2023-12-19T15:57:41.046Z
Jordan Osei,jordan.osei@ext-9c4f44.com,User,Designer,members CustomerCharlie_AiWorkshop,2025-12-16T17:57:46.896Z
Jordan Quinn,jordan.quinn@ext-591bfe.com,User,Designer,members,2025-11-23T14:34:01.177Z
Jordan Shah,jordan.shah@ext-387eea.com,User,Designer,members,2025-11-23T14:40:27.883Z
Jordan Wang,jordan.wang@ext-73c6f0.com,User,Designer AutoSync,members AgentCreatorTraining PartnerTwo,2025-04-07T08:25:59.085Z
Lee Park,lee.park@snaplogic.com,User,Designer,members,2026-01-31T17:23:45.916Z
Jordan Wells,jordan.wells@ext-dca959.com,User,Designer,members AgentCreatorBootcamp_AMER_May_2025 AgentCreatorBootcamp_EMEA_May_2025,2025-05-12T15:00:49.041Z
Jordan Zhang,jordan.zhang@ext-d8144d.com,User,Designer,members AC_Bootcamp_US_February_2026,2026-01-31T18:44:09.127Z
Kai Chen,kai.chen@ext-f81e0a.com,User,Designer,members Bootcamp_EMEA_February_2026,2026-02-22T12:09:16.022Z
Kai Diaz,kai.diaz@ext-591bfe.com,User,Designer,members US_Bootcamp_August_2025,2025-08-11T16:21:33.120Z
Lee Reyes,lee.reyes@snaplogic.com,User,,members_devportal,2024-02-02T10:44:46.172Z
Lee Tran,lee.tran@snaplogic.com,User,,members,2024-05-16T09:47:17.881Z
Mack Flynn,mack.flynn@snaplogic.com,Environment admin,Designer AutoSync,members admins,2023-10-13T16:17:10.120Z
Mack Harris,mack.harris@snaplogic.com,Environment admin,AutoSync Designer,members admins,2025-11-03T11:12:55.305Z
Mack Moss,mack.moss@snaplogic.com,User,Designer,members,2026-01-31T17:23:55.312Z
Kai Diaz,kai.diaz@ext-8de689.com,User,Designer,members AC_Bootcamp_US_February_2026,2026-01-31T18:44:35.029Z
Mack Quinn,mack.quinn@snaplogic.com,Environment admin,Designer AutoSync,members admins Bootcamp_US_June_2025 US_Bootcamp_August_2025,2024-12-02T18:28:52.415Z
Kai Iyer,kai.iyer@ext-445152.com,User,,members,2024-01-11T10:25:50.292Z
Kai Iyer,kai.iyer@ext-7bf6fa.com,User,AutoSync Designer,members AgentCreatorBootcamp_EMEA_May_2025,2025-05-18T20:56:47.130Z
Kai Nguyen,kai.nguyen@ext-f831a9.com,User,Designer,members AC_Bootcamp_US_February_2026,2026-01-31T18:44:19.515Z
Kai Patel,kai.patel@ext-84f9b1.com,User,Designer,members AgentCreatorBootcamp_CustomerAlpha,2026-07-19T12:43:16.092Z
Kai Reid,kai.reid@ext-0ffece.com,User,Designer,members AgentCreatorBootcamp_EMEA_March_2026,2026-03-22T19:04:39.732Z
Mack Zhang,mack.zhang@snaplogic.com,User,Designer,members,2026-01-31T17:25:04.520Z
Morgan Adams,morgan.adams@snaplogic.com,User,Designer,members,2026-01-31T17:25:07.085Z
Kai Shah,kai.shah@ext-f34ab7.com,User,Designer AutoSync,members AgentCreatorBootcamp_EMEA_June_2025 Bootcamp_US_June_2025,2025-06-15T21:28:02.588Z
Kai Ueda,kai.ueda@ext-84f9b1.com,User,Designer,members PartnerFive,2024-06-13T09:06:34.079Z
Kai Vega,kai.vega@ext-51acd7.com,User,Designer,members AgentCreatorBootcamp_EMEA_May_2026,2025-07-16T13:25:12.996Z
Kai Xia,kai.xia@ext-591bfe.com,User,Designer,members,2024-04-10T08:29:07.151Z
Kai Xia,kai.xia@ext-efaeaa.com,User,Designer,members AgentCreatorBootcamp_EMEA_May_2026,2026-05-17T21:19:47.340Z
Morgan Brooks,morgan.brooks@snaplogic.com,User,Designer,members,2026-01-31T17:25:11.260Z
Kai Zhu,kai.zhu@ext-7e0fff.com,User,Designer,members AgentCreatorBootcamp_EMEA_November_2025,2025-11-23T18:47:06.741Z
Kelly Davis,kelly.davis@ext-f34ab7.com,User,Designer,members AgentCreatorBootcampEMEA_June2026,2026-06-24T06:58:15.149Z
Kelly Flynn,kelly.flynn@ext-f34ab7.com,User,Designer AutoSync,members PartnerThree AgentCreatorPartnerTraining AgentCreatorBootcamp_EMEA_May_2025 PartnerThree_Demos,2025-01-28T09:51:08.212Z
Morgan Davis,morgan.davis@snaplogic.com,Environment admin,Designer AutoSync,members admins,2024-07-30T10:04:51.723Z
Kelly Holt,kelly.holt@ext-b4b17f.com,User,Designer,members AgentCreatorBootcamp_EMEA_October_2025 AgentCreatorBootcamp_EMEA_November_2025,2025-10-06T16:16:42.823Z
Morgan Diaz,morgan.diaz@snaplogic.com,Environment admin,Designer AutoSync,members admins,2024-12-10T20:07:37.736Z
Kelly Kim,kelly.kim@ext-ba0cb2.com,User,Designer,members AgentCreatorBootcamp_EMEA_January_2026,2024-10-01T16:23:51.065Z
Kelly Miller,kelly.miller@ext-1dfcd7.com,User,Designer,members Bootcamp_EMEA_February_2026,2026-02-22T12:11:02.315Z
Morgan Moss,morgan.moss@snaplogic.com,Environment admin,Designer,members admins,2024-04-09T08:15:51.626Z
Morgan Zhu,morgan.zhu@snaplogic.com,Environment admin,Designer,members admins,2024-04-19T17:19:34.386Z
Kelly Park,kelly.park@ext-749b6d.com,User,Designer,members Bootcamp_EMEA_February_2026,2026-02-22T12:09:54.696Z
Nash Brooks,nash.brooks@snaplogic.com,Environment admin,Designer AutoSync,members admins,2025-01-17T18:19:20.102Z
Kelly Reyes,kelly.reyes@ext-023686.com,User,Designer,members AgentCreatorBootcamp_EMEA_November_2025,2025-11-23T18:50:17.642Z
Kelly Tran,kelly.tran@ext-1ea88d.com,User,Designer,members Bootcamp_EMEA_February_2026 AgentCreatorBootcamp_EMEA_March_2026 AgentCreatorBootcamp_EMEA_May_2026,2026-02-22T12:13:05.961Z
Kelly Utley,kelly.utley@ext-591bfe.com,User,Designer,members US_Bootcamp_August_2025 AgentCreatorBootcamp_EMEA_October_2025 AgentCreatorBootcamp_EMEA_November_2025 PartnerOne AgentCreatorBootcamp_EMEA_January_2026 Bootcamp_EMEA_February_2026,2025-08-07T14:25:23.384Z
Kelly Vega,kelly.vega@ext-387eea.com,User,Designer,members AgentCreatorBootcamp_EMEA_November_2025,2025-11-23T18:51:01.066Z
Nash Diaz,nash.diaz@snaplogic.com,User,Designer,members,2026-01-31T17:25:18.430Z
Kelly Vega,kelly.vega@ext-9c4f44.com,User,Designer,members Bootcamp_EMEA_February_2026,2024-04-09T08:20:34.040Z
Nash Nash,nash.nash@snaplogic.com,User,Designer,members,2026-01-31T17:26:02.745Z
Kelly Wang,kelly.wang@ext-591bfe.com,User,Designer,members AgentCreatorBootcamp_CustomerAlpha,2026-07-19T12:42:25.023Z
Kelly Wang,kelly.wang@ext-9c4f44.com,User,Designer,members AgentCreatorBootcamp_EMEA_November_2025,2025-11-23T18:49:01.283Z
Kelly Wells,kelly.wells@ext-591bfe.com,User,Designer,members AgentCreatorBootcampEMEA_June2026,2026-06-24T06:57:51.326Z
Kelly Wells,kelly.wells@ext-9c4f44.com,User,Designer,members AgentCreatorBootcamp_AMER_May_2025,2025-05-12T15:00:43.840Z
Lane Chen,lane.chen@ext-591bfe.com,User,Designer,members AgentCreatorBootcamp_EMEA_March_2026,2026-03-22T19:05:34.479Z
Lane Davis,lane.davis@ext-387eea.com,User,Designer,members AC_Bootcamp_US_February_2026,2026-02-02T17:18:39.492Z
Lane Flynn,lane.flynn@ext-0ffece.com,User,Designer AutoSync,members AgentCreatorBootcamp_EMEA_May_2025,2025-05-18T20:56:58.383Z
Nash Patel,nash.patel@snaplogic.com,User,Designer,members,2026-01-31T17:26:07.516Z
Lane Jensen,lane.jensen@ext-7bf6fa.com,User,Designer,members AgentCreatorBootcamp_EMEA_November_2025,2025-11-23T18:49:21.156Z
Lane Johal,lane.johal@ext-6e4f12.com,User,Designer AutoSync,members,2026-06-29T09:11:20.483Z
Lane Miller,lane.miller@ext-26da4f.com,User,Designer,members AgentCreatorBootcamp_AMER_May_2025,2025-05-12T15:00:42.529Z
Lane Moss,lane.moss@ext-591bfe.com,User,Designer,members AgentCreatorBootcamp_EMEA_March_2026,2026-03-22T19:04:19.697Z
Nash Singh,nash.singh@snaplogic.com,Environment admin,Designer AutoSync,members admins,2023-10-18T19:07:26.592Z
Lane Torres,lane.torres@ext-f34ab7.com,User,Designer,members AgentCreatorBootcamp_EMEA_June_2025 Bootcamp_US_June_2025,2025-06-27T15:54:51.555Z
Lane Tran,lane.tran@ext-387eea.com,User,Designer,members AgentCreatorBootcamp_EMEA_May_2026,2026-05-17T21:18:53.148Z
Lane Ueda,lane.ueda@ext-26da4f.com,User,Designer,members AgentCreatorBootcamp_EMEA_May_2026,2026-05-17T21:19:29.564Z
Noel Flynn,noel.flynn@snaplogic.com,User,Designer,members,2026-01-31T17:26:12.434Z
Lane Ueda,lane.ueda@ext-c4d3f9.com,User,Designer,members AgentCreatorBootcamp_EMEA_June_2025,2025-05-12T15:00:48.151Z
Lane Utley,lane.utley@ext-e95451.com,User,Designer,members AgentCreatorBootcamp_EMEA_June_2025,2025-06-30T15:49:21.053Z
Lane Zhu,lane.zhu@ext-8e55ec.com,User,Designer,members AgentCreatorBootcamp_EMEA_November_2025,2025-11-23T18:46:37.262Z
Lee Baker,lee.baker@ext-7bf6fa.com,User,Designer,members AgentCreatorBootcamp_EMEA_October_2025,2025-10-06T16:17:07.672Z
Lee Brooks,lee.brooks@ext-26da4f.com,User,Designer,members AC_Bootcamp_US_February_2026,2026-02-02T17:07:48.566Z
Lee Cooper,lee.cooper@ext-d8144d.com,User,Designer,members AgentCreatorBootcamp_CustomerAlpha,2026-07-19T12:43:29.544Z
Lee Foster,lee.foster@ext-9aa82d.com,User,Designer,members AgentCreatorBootcamp_EMEA_October_2025,2025-10-06T16:12:35.461Z
Lee Holt,lee.holt@ext-26da4f.com,User,Designer,members AgentCreatorBootcamp_CustomerAlpha,2026-07-19T12:43:25.622Z
Lee Ibarra,lee.ibarra@ext-591bfe.com,User,Designer,members AgentCreatorBootcampEMEA_June2026,2025-05-07T12:10:12.880Z
Lee Jensen,lee.jensen@ext-a37969.com,User,Designer,members,2025-06-27T14:08:36.705Z
Noel Lopez,noel.lopez@snaplogic.com,Environment admin,Designer,members admins Bootcamp_US_June_2025,2025-02-04T18:14:23.965Z
Lee Knox,lee.knox@ext-445152.com,User,Designer,members AgentCreatorBootcamp_AMER_May_2025,2025-05-12T15:00:47.464Z
Lee Luna,lee.luna@ext-a6c512.com,User,Designer,members AgentCreatorBootcamp_AMER_May_2025,2025-05-15T15:58:44.309Z
Noel Quinn,noel.quinn@snaplogic.com,User,Designer,members,2024-02-28T21:30:30.344Z
Noel Ueda,noel.ueda@snaplogic.com,User,Designer AutoSync,members,2023-10-13T16:22:33.298Z
Lee Moss,lee.moss@ext-f34ab7.com,User,Designer AutoSync,members AgentCreatorBootcamp_EMEA_June_2025 PartnerOne,2025-06-15T21:24:49.370Z
Noel Vance,noel.vance@snaplogic.com,Environment admin,Designer AutoSync,members admins,2025-01-08T11:03:38.113Z
Lee Nguyen,lee.nguyen@ext-387eea.com,User,Designer,members AgentCreatorBootcamp_CustomerAlpha,2026-07-20T08:38:52.364Z
Lee Park,lee.park@ext-26da4f.com,User,Designer,members AC_Bootcamp_US_February_2026,2026-01-31T18:44:48.209Z
Lee Reid,lee.reid@ext-591bfe.com,User,Designer,members AgentCreatorBootcampEMEA_June2026,2026-06-24T08:49:48.939Z
Lee Reid,lee.reid@ext-84f9b1.com,User,Designer,members AgentCreatorBootcamp_AMER_May_2025,2025-05-15T15:33:28.311Z
Lee Reyes,lee.reyes@ext-2d8726.com,User,Designer,members AgentCreatorBootcamp_CustomerAlpha,2026-07-20T05:20:33.501Z
Noel Zhang,noel.zhang@snaplogic.com,Environment admin,Designer AutoSync,members admins,2025-01-03T19:21:43.931Z
Oakley Brooks,oakley.brooks@snaplogic.com,Environment admin,Designer AutoSync,members admins,2023-10-11T13:36:53.424Z
Oakley Flynn,oakley.flynn@snaplogic.com,User,Designer,members AgentCreatorBootcamp_EMEA_June_2025 Bootcamp_US_June_2025,2025-06-27T15:47:03.146Z
Lee Ueda,lee.ueda@ext-138750.com,User,Designer,members AgentCreatorBootcamp_EMEA_October_2025 AgentCreatorBootcamp_EMEA_November_2025,2025-10-06T16:08:47.361Z
Oakley Garcia,oakley.garcia@snaplogic.com,User,Designer,members,2026-01-31T17:26:18.798Z
Lee Wang,lee.wang@ext-387eea.com,User,Designer,members AgentCreatorBootcamp_EMEA_October_2025,2025-10-06T16:09:05.487Z
Oakley Nguyen,oakley.nguyen@snaplogic.com,User,Designer,members,2026-01-31T17:26:23.984Z
Lee Wells,lee.wells@ext-387eea.com,User,Designer,members AgentCreatorBootcamp_EMEA_May_2026,2026-05-17T21:18:16.977Z
Oakley Patel,oakley.patel@snaplogic.com,User,Designer,members,2026-01-31T17:26:29.540Z
Lee York,lee.york@ext-7bf6fa.com,User,Designer,members AgentCreatorBootcamp_EMEA_November_2025 PartnerOne,2025-11-23T18:52:57.800Z
Lee Zhang,lee.zhang@ext-84f9b1.com,User,Designer,members Bootcamp_EMEA_February_2026,2025-10-23T13:22:19.951Z
Oakley Vance,oakley.vance@snaplogic.com,User,Designer,members,2026-01-31T17:27:23.388Z
Lee Zhu,lee.zhu@ext-9bcd09.com,User,Designer,members AgentCreatorBootcamp_AMER_May_2025,2025-05-12T15:00:41.280Z
Oakley Wells,oakley.wells@snaplogic.com,User,Designer,members,2026-01-31T17:27:29.405Z
Mack Adams,mack.adams@ext-660f96.com,User,Designer,members PartnerThree PartnerThree_Demos AgentCreatorBootcamp_EMEA_March_2026 AgentCreatorBootcamp_EMEA_May_2026,2024-12-17T13:19:45.236Z
Parker Baker,parker.baker@snaplogic.com,Environment admin,Designer,members admins,2025-03-18T11:11:37.055Z
Mack Brooks,mack.brooks@ext-6e4f12.com,User,Designer AutoSync,members AgentCreatorPartnerTraining,2025-02-24T10:19:56.363Z
Mack Brooks,mack.brooks@ext-ada31f.com,User,Designer,members AC_Bootcamp_US_February_2026,2026-01-31T18:45:00.743Z
Mack Brooks,mack.brooks@ext-b98a80.com,User,Designer,members AgentCreatorBootcamp_EMEA_November_2025,2025-11-23T18:44:36.744Z
Mack Diaz,mack.diaz@ext-7e0fff.com,User,Designer,members PartnerThree PartnerThree_Demos,2024-02-23T11:20:37.507Z
Parker Cooper,parker.cooper@snaplogic.com,Environment admin,Designer AutoSync,members admins,2024-03-26T11:37:06.002Z
Parker Miller,parker.miller@snaplogic.com,User,Designer,members US_Bootcamp_August_2025,2025-08-07T14:27:34.462Z
Mack Ellis,mack.ellis@ext-591bfe.com,User,Designer,members AgentCreatorBootcamp_CustomerAlpha,2026-07-19T12:43:09.391Z
Parker Ortiz,parker.ortiz@snaplogic.com,User,Designer,members AgentCreatorBootcamp_EMEA_January_2026 Bootcamp_EMEA_February_2026,2024-10-17T16:13:09.530Z
Mack Ellis,mack.ellis@ext-dca959.com,User,Designer,members AgentCreatorBootcamp_CustomerAlpha,2026-07-19T12:42:32.783Z
Mack Foster,mack.foster@ext-387eea.com,User,Designer,members AgentCreatorBootcamp_EMEA_May_2026,2026-05-17T21:19:16.314Z
Parker Shah,parker.shah@snaplogic.com,Environment admin,Designer AutoSync,members admins,2025-09-02T20:32:23.077Z
Piper Ibarra,piper.ibarra@snaplogic.com,Environment admin,Designer AutoSync,members admins,2025-08-01T19:14:29.649Z
Piper Jensen,piper.jensen@snaplogic.com,User,Designer,members,2025-07-10T20:42:01.792Z
Mack Ibarra,mack.ibarra@ext-6d35fd.com,User,Designer,members AgentCreatorBootcamp_EMEA_March_2026,2026-03-22T19:03:11.392Z
Mack Jensen,mack.jensen@ext-445152.com,User,AutoSync Designer,members AgentCreatorBootcamp_EMEA_June_2025,2025-06-15T21:20:25.275Z
Mack Moss,mack.moss@ext-9c4f44.com,User,Designer,members AgentCreatorBootcamp_EMEA_November_2025,2025-10-27T05:16:49.255Z
Piper Moss,piper.moss@snaplogic.com,User,Designer,members AC_Bootcamp_US_February_2026,2023-09-14T10:43:40.043Z
Mack Nash,mack.nash@ext-0a199e.com,User,Designer,members UniversityOne Bootcamp_EMEA_February_2026,2026-02-04T20:54:59.862Z
Mack Osei,mack.osei@ext-7abd01.com,User,Designer,members AgentCreatorBootcamp_CustomerAlpha,2026-07-19T12:44:01.151Z
Piper Reid,piper.reid@snaplogic.com,User,Designer,members,2026-01-31T17:27:33.224Z
Mack Osei,mack.osei@ext-84f9b1.com,User,Designer,members US_Bootcamp_August_2025,2025-08-11T15:56:06.486Z
Mack Osei,mack.osei@ext-b19511.com,User,Designer,members Bootcamp_EMEA_February_2026,2026-02-22T12:09:24.550Z
Mack Shah,mack.shah@ext-b83977.com,User,Designer,members AgentCreatorBootcamp_EMEA_October_2025 AgentCreatorBootcamp_CustomerAlpha,2025-10-06T16:10:09.723Z
Morgan Brooks,morgan.brooks@ext-680c47.com,User,Designer,members AgentCreatorBootcamp_EMEA_May_2026,2026-05-17T21:19:36.158Z
Morgan Diaz,morgan.diaz@ext-d143fb.com,User,Designer AutoSync,members AgentCreatorBootcamp_EMEA_June_2025,2025-06-15T21:14:43.992Z
Morgan Ellis,morgan.ellis@ext-f34ab7.com,User,Designer AutoSync,members AgentCreatorTraining_CustomerBravo AgentCreatorBootcamp_EMEA_November_2025,2025-04-28T10:44:03.520Z
Morgan Evans,morgan.evans@ext-84f9b1.com,User,Designer AutoSync,members AgentCreatorBootcamp_EMEA_June_2025,2025-06-15T21:21:16.132Z
Morgan Lopez,morgan.lopez@ext-f34ab7.com,User,Designer,members AC_Bootcamp_US_February_2026,2026-01-31T18:45:18.189Z
Morgan Park,morgan.park@ext-2c0c28.com,User,Designer,members AgentCreatorBootcamp_EMEA_March_2026 AgentCreatorBootcamp_EMEA_May_2026 AgentCreatorBootcampEMEA_June2026,2026-03-22T19:01:04.604Z
Morgan Patel,morgan.patel@ext-7bf6fa.com,User,Designer,members AgentCreatorBootcamp_EMEA_November_2025,2025-11-23T18:49:15.487Z
Piper Torres,piper.torres@snaplogic.com,User,Designer,members,2026-01-31T17:27:38.815Z
Morgan Ueda,morgan.ueda@ext-2d8726.com,User,Designer AutoSync,members AgentCreatorBootcamp_EMEA_June_2025,2024-10-29T09:40:06.014Z
Morgan Vance,morgan.vance@ext-591bfe.com,User,Designer,members AgentCreatorBootcamp_EMEA_January_2026 AC_Bootcamp_US_February_2026,2026-01-11T22:28:05.148Z
Morgan Vance,morgan.vance@ext-f34ab7.com,User,Designer,members Bootcamp_EMEA_February_2026,2025-04-15T07:08:16.196Z
Piper Zhang,piper.zhang@snaplogic.com,User,Designer,members,2026-01-31T17:28:13.036Z
Morgan Yamada,morgan.yamada@ext-9c4f44.com,User,,members_devportal,2024-07-09T07:17:33.133Z
Morgan Zhu,morgan.zhu@ext-445152.com,User,Designer AutoSync,members AgentCreatorBootcamp_EMEA_June_2025,2025-06-15T21:23:24.881Z
Nash Cooper,nash.cooper@ext-f34ab7.com,User,AutoSync Designer,members AgentCreatorBootcamp_EMEA_June_2025,2024-09-23T14:02:38.324Z
Nash Davis,nash.davis@ext-a876a8.com,User,Designer,members AgentCreatorBootcamp_EMEA_November_2025,2025-11-23T18:48:39.604Z
Nash Kim,nash.kim@ext-0f31a1.com,User,,members,2024-01-11T10:24:58.696Z
Quinn Chen,quinn.chen@snaplogic.com,Environment admin,Designer AutoSync,members admins,2023-10-11T18:21:11.209Z
Nash Knox,nash.knox@ext-1dfcd7.com,User,Designer AutoSync,members AgentCreatorBootcamp_EMEA_June_2025,2025-06-15T21:21:50.581Z
Quinn Ellis,quinn.ellis@snaplogic.com,User,Designer AutoSync,members AgentCreatorPartnerTraining,2023-04-25T16:13:38.130Z
Quinn Garcia,quinn.garcia@snaplogic.com,User,Designer,members AgentCreatorBootcamp_EMEA_January_2026,2026-01-11T22:39:27.346Z
Quinn Shah,quinn.shah@snaplogic.com,Environment admin,Designer,members admins,2023-08-25T07:30:04.087Z
Nash Lopez,nash.lopez@ext-ef0019.com,User,Designer,members AC_Bootcamp_US_February_2026,2026-02-02T17:03:21.219Z
Nash Nguyen,nash.nguyen@ext-750224.com,User,Designer,members AgentCreatorBootcamp_EMEA_January_2026,2025-12-22T15:27:51.725Z
Quinn Vance,quinn.vance@snaplogic.com,Environment admin,Designer AutoSync,members admins,2023-05-23T08:35:50.573Z
Nash Ortiz,nash.ortiz@ext-07e691.com,User,Designer,members AgentCreatorBootcamp_EMEA_January_2026,2026-01-12T09:55:01.324Z
Quinn Yamada,quinn.yamada@snaplogic.com,User,Designer,members AgentCreatorBootcamp_AMEA_August_2025,2025-08-08T15:19:01.739Z
Reese Brooks,reese.brooks@snaplogic.com,Environment admin,Designer,members admins Environment admin,2024-03-28T17:57:14.400Z
Nash Park,nash.park@ext-84f9b1.com,User,Designer,members AgentCreatorBootcamp_EMEA_March_2026,2026-03-22T19:02:39.099Z
Reese Evans,reese.evans@snaplogic.com,User,Designer,members AgentCreatorBootcamp_EMEA_October_2025,2025-04-04T06:37:08.139Z
Nash Torres,nash.torres@ext-7e0fff.com,User,Designer,members AgentCreatorBootcamp_AMEA_August_2025 AgentCreatorBootcamp_EMEA_January_2026,2024-11-01T12:07:14.850Z
Nash Vance,nash.vance@ext-387eea.com,User,Designer,members Bootcamp_EMEA_February_2026,2026-02-22T12:13:10.550Z
Reese Nguyen,reese.nguyen@snaplogic.com,User,Designer,members,2026-01-31T17:28:17.741Z
Nash Vance,nash.vance@ext-7e0fff.com,User,Designer,members AgentCreatorBootcamp_EMEA_January_2026 Bootcamp_EMEA_February_2026,2026-01-11T22:25:01.873Z
Nash Yamada,nash.yamada@ext-1d67bb.com,User,Designer,members CustomerCharlie_AiWorkshop,2024-09-02T13:52:19.103Z
Nash Yamada,nash.yamada@ext-387eea.com,User,Designer,members AgentCreatorBootcampEMEA_June2026,2026-06-24T06:58:23.564Z
Nash Zhang,nash.zhang@ext-1dfcd7.com,User,Designer,members AgentCreatorBootcamp_EMEA_November_2025 PartnerOne,2025-11-23T18:53:08.238Z
Noel Adams,noel.adams@ext-6750f5.com,User,Designer,members AgentCreatorBootcampEMEA_June2026,2026-06-24T06:58:19.124Z
Noel Brooks,noel.brooks@ext-dca959.com,User,Designer,members AgentCreatorBootcamp_CustomerAlpha,2026-07-19T12:42:43.808Z
Reese Singh,reese.singh@snaplogic.com,Environment admin,Designer AutoSync,members admins,2025-05-19T16:43:13.385Z
Noel Evans,noel.evans@ext-b4b17f.com,User,Designer,members PartnerTwo AgentCreatorBootcamp_EMEA_January_2026,2025-07-30T04:50:36.888Z
Noel Grant,noel.grant@ext-387eea.com,User,Designer,members AC_Bootcamp_US_February_2026,2026-01-31T18:46:26.562Z
Noel Johal,noel.johal@ext-f34ab7.com,User,Designer,members AC_Bootcamp_US_February_2026,2026-01-31T18:46:37.523Z
Noel Miller,noel.miller@ext-51bb1d.com,User,Designer,members AgentCreatorBootcamp_AMEA_August_2025,2025-08-08T15:19:23.598Z
Reese Vega,reese.vega@snaplogic.com,User,Designer,members AC_Bootcamp_US_February_2026,2026-01-31T18:45:05.824Z
Noel Nash,noel.nash@ext-c1bbf2.com,User,Designer,members US_Bootcamp_August_2025,2025-08-07T14:30:06.651Z
Noel Reid,noel.reid@ext-9c4f44.com,User,Designer,members Bootcamp_EMEA_February_2026,2026-02-22T12:13:39.905Z
Noel Singh,noel.singh@ext-f34ab7.com,User,Designer AutoSync,members AgentCreatorPartnerTraining,2025-01-28T09:50:38.189Z
River Evans,river.evans@snaplogic.com,Environment admin,Designer,members admins,2023-08-23T11:25:54.240Z
Noel Torres,noel.torres@ext-26da4f.com,User,Designer AutoSync,members AgentCreatorBootcamp_EMEA_June_2025,2024-05-02T09:26:57.166Z
Noel Zhang,noel.zhang@ext-f34ab7.com,User,Designer,members AgentCreatorBootcamp_EMEA_November_2025,2025-11-23T18:47:24.234Z
Oakley Adams,oakley.adams@ext-9832b7.com,User,Designer AutoSync,members AgentCreatorBootcamp_EMEA_June_2025,2025-06-15T21:10:30.368Z
Oakley Adams,oakley.adams@ext-f34ab7.com,User,Designer,members AgentCreatorBootcamp_CustomerAlpha,2026-07-20T05:20:37.279Z
Oakley Brooks,oakley.brooks@ext-26da4f.com,User,Designer,members AC_Bootcamp_US_February_2026,2026-02-02T17:15:26.811Z
Oakley Diaz,oakley.diaz@ext-80929f.com,User,Designer,members AgentCreatorBootcamp_EMEA_January_2026,2026-01-11T22:39:11.403Z
Oakley Evans,oakley.evans@ext-7bf6fa.com,User,Designer,members AgentCreatorBootcamp_CustomerAlpha,2026-07-19T12:42:46.151Z
Oakley Foster,oakley.foster@ext-f34ab7.com,User,Designer AutoSync,members AgentCreatorBootcamp_EMEA_June_2025 AgentCreatorBootcamp_AMEA_August_2025 PartnerOne,2025-06-15T21:24:29.681Z
Oakley Garcia,oakley.garcia@ext-bd4de8.com,User,Designer,members AgentCreatorBootcamp_EMEA_November_2025,2025-11-23T18:47:14.921Z
Oakley Harris,oakley.harris@ext-0ffece.com,User,Designer,members AgentCreatorBootcamp_EMEA_October_2025,2025-10-06T16:13:01.427Z
River Holt,river.holt@snaplogic.com,Environment admin,Designer AutoSync,members admins,2023-10-13T16:24:06.408Z
River Knox,river.knox@snaplogic.com,User,Designer AutoSync,members,2024-05-22T13:08:46.496Z
River Wang,river.wang@snaplogic.com,Environment admin,Designer,members admins,2023-10-04T11:09:38.930Z
Oakley Ibarra,oakley.ibarra@ext-0a199e.com,User,Designer,members AgentCreatorBootcamp_EMEA_March_2026 AgentCreatorBootcamp_EMEA_May_2026,2026-03-22T19:06:05.912Z
Sage York,sage.york@snaplogic.com,User,Designer,members AgentCreatorBootcamp_AMEA_August_2025,2025-07-24T18:03:14.381Z
Skyler Chen,skyler.chen@snaplogic.com,Environment admin,Designer,members admins,2023-09-29T06:50:20.796Z
Skyler Diaz,skyler.diaz@snaplogic.com,User,Designer AutoSync,members,2023-08-28T19:51:02.952Z
Skyler Flynn,skyler.flynn@snaplogic.com,Environment admin,Designer AutoSync,members admins,2024-03-08T11:50:04.214Z
Skyler Grant,skyler.grant@snaplogic.com,User,Designer,members AgentCreatorBootcamp_EMEA_January_2026,2026-01-11T22:37:49.681Z
Skyler Iyer,skyler.iyer@snaplogic.com,Environment admin,Designer AutoSync,members admins,2025-04-17T12:13:14.423Z
Skyler Jensen,skyler.jensen@snaplogic.com,Environment admin,Designer,members admins,2023-06-30T10:07:30.995Z
Oakley Iyer,oakley.iyer@ext-c1bbf2.com,User,Designer AutoSync,members AgentCreatorTraining,2025-04-07T08:22:12.556Z
Oakley Johal,oakley.johal@ext-84f9b1.com,User,AutoSync Designer,members AgentCreatorBootcamp_EMEA_May_2025,2025-05-18T21:00:49.666Z
Oakley Johal,oakley.johal@ext-be7e99.com,User,Designer,members AgentCreatorBootcamp_EMEA_November_2025,2025-11-23T18:51:39.260Z
Oakley Kim,oakley.kim@ext-9c4f44.com,User,Designer AutoSync,members AgentCreatorBootcamp_EMEA_June_2025,2025-06-15T21:25:57.869Z
Oakley Knox,oakley.knox@ext-ef0019.com,User,Designer,members US_Bootcamp_August_2025,2025-08-11T15:53:36.505Z
Oakley Lopez,oakley.lopez@ext-de7e3d.com,User,Designer AutoSync,members AgentCreatorTraining_CustomerBravo,2025-04-28T10:44:17.498Z
Oakley Miller,oakley.miller@ext-7e0fff.com,User,Designer,members AgentCreatorBootcamp_EMEA_May_2026,2026-05-17T21:19:33.736Z
Oakley Nash,oakley.nash@ext-1dfcd7.com,User,Designer AutoSync,members AgentCreatorBootcamp_EMEA_May_2025,2025-05-18T20:57:45.731Z
Oakley Nash,oakley.nash@ext-9c4f44.com,User,Designer AutoSync,members AgentCreatorBootcamp_EMEA_June_2025,2025-06-15T21:28:48.242Z
Skyler Moss,skyler.moss@snaplogic.com,User,Designer,members,2026-01-31T17:28:24.263Z
Oakley Osei,oakley.osei@ext-7e0fff.com,User,Designer,members AgentCreatorBootcampEMEA_June2026,2026-06-24T06:57:59.646Z
Skyler Reid,skyler.reid@snaplogic.com,User,Designer,members,2026-01-31T17:28:28.978Z
Oakley Park,oakley.park@ext-5ad5df.com,User,Designer,members AgentCreatorBootcamp_AMEA_August_2025,2025-08-08T15:17:00.149Z
Oakley Shah,oakley.shah@ext-9c4f44.com,User,Designer AutoSync,members AgentCreatorBootcamp_EMEA_May_2025,2025-05-18T20:58:03.977Z
Skyler Singh,skyler.singh@snaplogic.com,User,Designer,members,2026-01-31T17:28:34.607Z
Oakley Torres,oakley.torres@ext-1dfcd7.com,User,Designer,members AgentCreatorBootcamp_AMEA_August_2025 PartnerOne,2025-08-11T07:57:34.380Z
Oakley Tran,oakley.tran@ext-591bfe.com,User,Designer,members Bootcamp_EMEA_February_2026,2026-02-22T12:13:47.476Z
Skyler York,skyler.york@snaplogic.com,Environment admin,Designer AutoSync,members admins,2023-08-28T19:51:01.690Z
Oakley Ueda,oakley.ueda@ext-26da4f.com,User,Designer,members AgentCreatorBootcamp_EMEA_November_2025,2025-11-23T18:51:26.922Z
Oakley Ueda,oakley.ueda@ext-b33960.com,User,Designer,members customer_delta_mobility AgentCreatorTraining_CustomerBravo,2024-12-06T11:17:20.765Z
Oakley Vance,oakley.vance@ext-9bcd09.com,User,Designer,members AgentCreatorBootcamp_EMEA_January_2026,2026-01-11T22:39:34.048Z
Oakley Wang,oakley.wang@ext-26da4f.com,User,Designer,members AC_Bootcamp_US_February_2026,2026-01-31T18:46:51.837Z
Oakley Wang,oakley.wang@ext-36a867.com,User,Designer,members AgentCreatorBootcamp_EMEA_November_2025 AC_Bootcamp_US_February_2026 Bootcamp_EMEA_February_2026,2025-11-23T18:45:00.300Z
Oakley Wang,oakley.wang@ext-445152.com,User,Designer,members AgentCreatorBootcamp_CustomerAlpha,2026-07-20T05:20:11.797Z
Oakley Wells,oakley.wells@ext-49cce2.com,User,Designer AutoSync,members AgentCreatorBootcamp_EMEA_June_2025,2025-06-15T21:27:51.845Z
Oakley Wells,oakley.wells@ext-9c4f44.com,User,Designer,members AgentCreatorBootcamp_EMEA_January_2026 Bootcamp_EMEA_February_2026,2025-10-17T06:46:17.841Z
Oakley York,oakley.york@ext-26da4f.com,User,Designer,members AgentCreatorBootcamp_EMEA_October_2025,2025-10-06T16:10:45.865Z
Oakley York,oakley.york@ext-2b7a1c.com,User,Designer,members AgentCreatorBootcamp_EMEA_March_2026 AgentCreatorBootcamp_EMEA_May_2026,2026-03-22T19:01:29.746Z
Oakley York,oakley.york@ext-9c4f44.com,User,Designer AutoSync,members AgentCreatorPartnerTraining,2025-02-24T10:17:43.600Z
Tatum Brooks,tatum.brooks@snaplogic.com,User,Designer,members,2026-01-31T17:28:42.241Z
Parker Baker,parker.baker@ext-d00c77.com,User,Designer,members AgentCreatorBootcamp_EMEA_November_2025,2025-11-23T18:52:37.438Z
Parker Flynn,parker.flynn@ext-524d8d.com,User,Designer,members AgentCreatorBootcamp_EMEA_January_2026,2026-01-11T22:39:38.479Z
Parker Flynn,parker.flynn@ext-591bfe.com,User,Designer,members AC_Bootcamp_US_February_2026,2026-01-31T18:47:21.556Z
Parker Holt,parker.holt@ext-7bf6fa.com,User,Designer,members AgentCreatorBootcamp_EMEA_November_2025,2025-11-23T18:48:56.182Z
Tatum Garcia,tatum.garcia@snaplogic.com,User,Designer,members,2026-01-31T17:29:44.071Z
Tatum Grant,tatum.grant@snaplogic.com,Environment admin,Designer AutoSync,members admins,2023-05-04T22:04:23.887Z
Tatum Holt,tatum.holt@snaplogic.com,Environment admin,Designer AutoSync,members admins,2024-12-02T18:29:29.790Z
Tatum Jensen,tatum.jensen@snaplogic.com,User,Designer,members,2025-07-02T22:29:17.654Z
Parker Quinn,parker.quinn@ext-3d54e7.com,User,Designer,members PartnersReadOnly,2024-03-20T15:54:42.255Z
Parker Reid,parker.reid@ext-2d8726.com,User,Designer,members AgentCreatorBootcamp_EMEA_March_2026,2026-03-22T19:05:20.757Z
Tatum Miller,tatum.miller@snaplogic.com,User,Designer,members,2025-04-27T16:10:34.182Z
Tatum Moss,tatum.moss@snaplogic.com,User,Designer,members,2025-04-27T16:11:30.960Z
Tatum Nguyen,tatum.nguyen@snaplogic.com,User,Designer,members,2025-04-27T16:12:15.909Z
Tatum Reyes,tatum.reyes@snaplogic.com,Environment admin,Designer AutoSync,members admins,2023-08-29T18:46:40.843Z
Parker Shah,parker.shah@ext-591bfe.com,User,Designer AutoSync,members AgentCreatorBootcamp_EMEA_June_2025,2025-03-07T10:03:53.136Z
Tatum Utley,tatum.utley@snaplogic.com,User,Designer,members AgentCreatorBootcamp_AMEA_August_2025 AgentCreatorBootcamp_EMEA_October_2025,2024-02-20T16:10:34.374Z
Tatum Xu,tatum.xu@snaplogic.com,Environment admin,Designer,members admins AgentCreatorBootcamp_EMEA_May_2025,2023-09-29T09:34:04.946Z
Parker Singh,parker.singh@ext-387eea.com,User,AutoSync Designer,members AgentCreatorBootcamp_EMEA_June_2025,2025-03-17T11:07:33.327Z
Parker Singh,parker.singh@ext-8de689.com,User,Designer,members AgentCreatorBootcamp_EMEA_January_2026 AC_Bootcamp_US_February_2026,2026-01-11T22:26:12.015Z
Parker Utley,parker.utley@ext-591bfe.com,User,Designer AutoSync,members AgentCreatorBootcamp_EMEA_June_2025,2025-06-15T21:19:36.704Z
Parker Wells,parker.wells@ext-591bfe.com,User,Designer,members AgentCreatorBootcamp_EMEA_January_2026,2026-01-11T22:40:10.187Z
Parker Zhu,parker.zhu@ext-f34ab7.com,User,Designer,members AgentCreatorBootcamp_CustomerAlpha,2026-07-20T05:20:05.689Z
Piper Davis,piper.davis@ext-ef0c92.com,User,Designer,members AgentCreatorBootcamp_AMER_May_2025,2025-05-12T15:00:46.933Z
Piper Flynn,piper.flynn@ext-a876a8.com,User,Designer,members AgentCreatorBootcamp_AMEA_August_2025,2025-08-08T15:18:08.327Z
Piper Garcia,piper.garcia@ext-dca959.com,User,Designer,members AgentCreatorBootcamp_EMEA_May_2026,2026-05-17T21:18:18.979Z
Piper Park,piper.park@ext-591bfe.com,User,Designer,members AgentCreatorBootcamp_EMEA_October_2025,2025-09-18T11:42:26.568Z
Piper Park,piper.park@ext-9c4f44.com,User,Designer,members AgentCreatorBootcamp_EMEA_January_2026,2026-01-11T22:38:45.361Z
Piper Singh,piper.singh@ext-4bd7cd.com,User,Designer,members AgentCreatorBootcampEMEA_June2026,2025-11-19T05:55:02.120Z
Piper Tran,piper.tran@ext-6babeb.com,User,Designer,members AgentCreatorBootcamp_CustomerAlpha,2026-07-20T05:20:09.875Z
Piper Vance,piper.vance@ext-26da4f.com,User,Designer,members AgentCreatorBootcamp_EMEA_March_2026,2026-03-22T19:04:04.520Z
Piper Wang,piper.wang@ext-51acd7.com,User,Designer,members US_Bootcamp_August_2025,2025-08-07T14:31:36.618Z
Piper York,piper.york@ext-3361f8.com,User,Designer,members Bootcamp_EMEA_February_2026,2026-02-22T12:12:05.326Z
Piper York,piper.york@ext-387eea.com,User,Designer AutoSync,members AgentCreatorBootcamp_EMEA_June_2025,2025-06-15T21:19:20.908Z
Piper Zhang,piper.zhang@ext-fc167d.com,User,Designer,members AgentCreatorBootcamp_EMEA_October_2025,2025-10-06T16:15:04.643Z
Tatum York,tatum.york@snaplogic.com,User,Designer,members AgentCreatorBootcamp_EMEA_November_2025,2025-11-23T18:47:30.646Z
Tatum Zhang,tatum.zhang@snaplogic.com,User,Designer,members AgentCreatorBootcamp_EMEA_January_2026,2026-01-11T22:40:03.800Z
Taylor Baker,taylor.baker@snaplogic.com,Environment admin,Designer AutoSync,members admins,2024-12-05T17:08:40.857Z
Taylor Brooks,taylor.brooks@snaplogic.com,Environment admin,Designer,members admins,2026-03-24T17:36:00.128Z
Quinn Baker,quinn.baker@ext-3e9741.com,User,Designer,members Bootcamp_EMEA_February_2026,2026-02-22T12:11:59.769Z
Quinn Brooks,quinn.brooks@ext-591bfe.com,User,Designer AutoSync,members AgentCreatorPartnerTraining,2023-12-13T06:50:21.404Z
Quinn Flynn,quinn.flynn@ext-2d8726.com,User,Designer,members AgentCreatorBootcamp_EMEA_March_2026,2026-01-09T08:04:53.575Z
Taylor Holt,taylor.holt@snaplogic.com,User,Designer,members AgentCreatorBootcamp_EMEA_January_2026,2026-01-11T22:40:14.853Z
Taylor Ibarra,taylor.ibarra@snaplogic.com,User,Designer,members,2026-01-31T17:29:49.522Z
Quinn Grant,quinn.grant@ext-f34ab7.com,User,Designer,members AgentCreatorBootcamp_CustomerAlpha,2026-07-19T12:43:44.497Z
Taylor Ortiz,taylor.ortiz@snaplogic.com,Environment admin,Designer AutoSync,members admins,2024-10-14T14:52:29.457Z
Quinn Harris,quinn.harris@ext-e16054.com,User,Designer,members AC_Bootcamp_US_February_2026,2026-02-02T17:14:45.249Z
Taylor Tran,taylor.tran@snaplogic.com,Environment admin,Designer,members admins,2023-05-19T09:51:21.662Z
Quinn Kim,quinn.kim@ext-591bfe.com,User,Designer,members AgentCreatorBootcamp_EMEA_November_2025,2025-11-23T18:49:44.397Z
Quinn Knox,quinn.knox@ext-7bf6fa.com,User,Designer,members US_Bootcamp_August_2025,2025-08-07T14:27:10.379Z
Quinn Moss,quinn.moss@ext-591bfe.com,User,Designer,members AC_Bootcamp_US_February_2026,2026-02-02T17:11:04.475Z
Quinn Patel,quinn.patel@ext-591bfe.com,User,Designer,members AgentCreatorBootcamp_AMEA_August_2025,2025-08-08T15:24:42.591Z
Quinn Reyes,quinn.reyes@ext-82dea4.com,User,Designer,members Bootcamp_EMEA_February_2026,2026-02-23T09:21:57.903Z
Quinn Ueda,quinn.ueda@ext-26da4f.com,User,Designer AutoSync,members AgentCreatorTraining PartnerTwo,2025-04-07T08:26:28.572Z
Quinn Vance,quinn.vance@ext-288295.com,User,Designer,members AgentCreatorBootcampEMEA_June2026,2026-06-24T06:58:03.164Z
Quinn Wang,quinn.wang@ext-387eea.com,User,Designer,members AgentCreatorBootcamp_AMEA_August_2025 PartnerOne,2025-08-08T15:15:27.010Z
Reese Adams,reese.adams@ext-9c4f44.com,User,Designer,members AgentCreatorBootcamp_EMEA_January_2026,2026-01-11T22:40:22.194Z
Taylor Utley,taylor.utley@snaplogic.com,User,Designer,members,2026-01-31T17:29:53.455Z
Reese Davis,reese.davis@ext-f34ab7.com,User,Designer,members AgentCreatorBootcampEMEA_June2026,2026-05-19T07:31:50.832Z
Reese Foster,reese.foster@ext-138750.com,User,Designer,members AgentCreatorBootcamp_EMEA_March_2026 AgentCreatorBootcampEMEA_June2026,2026-03-22T19:05:43.973Z
Reese Knox,reese.knox@ext-7e0fff.com,User,Designer,members AgentCreatorBootcamp_CustomerAlpha,2026-07-19T12:43:34.334Z
Uli Brooks,uli.brooks@snaplogic.com,User,Designer,members,2026-01-31T17:30:14.581Z
Reese Miller,reese.miller@ext-6750f5.com,User,Designer,members AgentCreatorBootcamp_AMER_May_2025,2025-05-12T15:00:40.723Z
Reese Quinn,reese.quinn@ext-2b7a1c.com,User,Designer,members AgentCreatorBootcampEMEA_June2026,2026-06-24T06:57:28.381Z
Reese Vega,reese.vega@ext-a876a8.com,User,Designer,members PartnerFour,2026-01-08T15:10:15.783Z
Reese Yamada,reese.yamada@ext-138750.com,User,Designer,members AgentCreatorBootcamp_AMER_May_2025,2025-05-15T16:04:47.189Z
River Ellis,river.ellis@ext-591bfe.com,User,Designer,members AgentCreatorBootcamp_EMEA_January_2026,2026-01-11T22:25:58.816Z
River Flynn,river.flynn@ext-26da4f.com,User,Designer,members AgentCreatorBootcamp_EMEA_October_2025 AgentCreatorBootcamp_EMEA_November_2025,2025-10-06T16:12:04.879Z
River Ibarra,river.ibarra@ext-49e8e6.com,User,Designer,members AC_Bootcamp_US_February_2026,2026-01-31T18:47:52.580Z
River Iyer,river.iyer@ext-7bf6fa.com,User,Designer,members AC_Bootcamp_US_February_2026,2026-02-04T14:21:02.773Z
River Lopez,river.lopez@ext-2b7a1c.com,User,Designer AutoSync,members AgentCreatorBootcamp_EMEA_June_2025,2025-06-15T21:26:18.493Z
River Moss,river.moss@ext-0a199e.com,User,Designer AutoSync,members AgentCreatorPartnerTraining,2024-09-25T11:54:45.744Z
River Nash,river.nash@ext-ed65be.com,User,Designer,members AgentCreatorBootcamp_AMEA_August_2025 PartnerTwo AgentCreatorBootcamp_EMEA_March_2026 AgentCreatorBootcampEMEA_June2026,2025-08-08T15:17:17.421Z
River Nguyen,river.nguyen@ext-26da4f.com,User,Designer,members AgentCreatorBootcampEMEA_June2026,2026-06-24T08:50:56.549Z
Uli Ellis,uli.ellis@snaplogic.com,Environment admin,Designer,members admins,2023-05-04T22:03:31.811Z
Uli Ortiz,uli.ortiz@snaplogic.com,Environment admin,Designer,members admins,2023-05-02T22:58:18.768Z
Uli Singh,uli.singh@snaplogic.com,Environment admin,Designer,members admins AgentCreatorBootcamp_EMEA_October_2025 AgentCreatorBootcamp_EMEA_November_2025,2025-07-25T13:11:32.789Z
Uli Vance,uli.vance@snaplogic.com,Environment admin,Designer,members admins,2023-09-22T17:53:26.792Z
River Xia,river.xia@ext-298aa5.com,User,AutoSync Designer,members AgentCreatorBootcamp_EMEA_June_2025,2025-01-13T10:07:23.950Z
River Xu,river.xu@ext-591bfe.com,User,Designer,members Bootcamp_EMEA_February_2026,2026-02-22T12:12:24.379Z
River Zhu,river.zhu@ext-6babeb.com,User,Designer AutoSync,members AgentCreatorBootcamp_EMEA_June_2025,2025-06-15T21:28:16.824Z
Sage Adams,sage.adams@ext-f831a9.com,User,Designer AutoSync,members AgentCreatorBootcamp_EMEA_June_2025,2025-06-15T21:18:47.503Z
Sage Baker,sage.baker@ext-396ff3.com,User,Designer,members AgentCreatorBootcampEMEA_June2026,2026-06-24T08:52:38.347Z
Sage Ellis,sage.ellis@ext-591bfe.com,User,Designer,members AgentCreatorBootcamp_EMEA_November_2025,2025-11-23T18:51:12.863Z
Sage Garcia,sage.garcia@ext-ac5178.com,User,Designer,members AgentCreatorBootcamp_EMEA_May_2026,2026-05-17T21:19:50.878Z
Sage Holt,sage.holt@ext-84f9b1.com,User,Designer,members AgentCreatorBootcamp_EMEA_May_2026,2026-05-17T21:19:44.708Z
Sage Luna,sage.luna@ext-680c47.com,User,Designer,members AgentCreatorBootcamp_EMEA_January_2026,2026-01-11T22:38:41.936Z
Sage Miller,sage.miller@ext-591bfe.com,User,Designer AutoSync,members AgentCreatorBootcamp_EMEA_June_2025 AgentCreatorBootcamp_EMEA_June_2025_GroupB PartnerTwo,2025-06-15T21:27:01.763Z
Sage Reid,sage.reid@ext-9b4172.com,User,Designer,members AgentCreatorBootcamp_CustomerAlpha,2026-07-19T12:42:34.777Z
Sage Utley,sage.utley@ext-82dea4.com,User,Designer,members AgentCreatorBootcamp_EMEA_May_2026,2026-05-17T21:19:40.855Z
Sage Zhu,sage.zhu@ext-f831a9.com,User,Designer,members Bootcamp_EMEA_February_2026,2026-02-22T12:11:07.496Z
Skyler Lopez,skyler.lopez@ext-afaadc.com,User,Designer,members AgentCreatorBootcamp_AMEA_August_2025,2025-06-27T15:55:34.123Z
Skyler Nash,skyler.nash@ext-d00c77.com,User,Designer,members AC_Bootcamp_US_February_2026,2026-01-31T18:45:41.408Z
Skyler Nguyen,skyler.nguyen@ext-3edd69.com,User,Designer,members AgentCreatorBootcamp_EMEA_May_2026,2026-05-17T21:19:02.576Z
Skyler Ortiz,skyler.ortiz@ext-a876a8.com,User,Designer,members AgentCreatorBootcamp_AMEA_August_2025,2025-08-08T15:16:46.391Z
Skyler Reid,skyler.reid@ext-387eea.com,User,Designer,members AgentCreatorBootcamp_EMEA_November_2025,2025-11-23T18:49:50.566Z
Skyler Tran,skyler.tran@ext-6e4f12.com,User,Designer,members AgentCreatorTraining_CustomerBravo AgentCreatorBootcamp_AMER_May_2025 AgentCreatorBootcamp_EMEA_May_2025,2025-04-28T10:44:42.229Z
Skyler Ueda,skyler.ueda@ext-9c4f44.com,User,Designer,members AC_Bootcamp_US_February_2026,2026-01-31T18:48:41.524Z
Skyler Yamada,skyler.yamada@ext-591bfe.com,User,Designer,members AgentCreatorBootcampEMEA_June2026,2026-06-24T06:58:12.914Z
Skyler Zhu,skyler.zhu@ext-591bfe.com,User,Designer,members Bootcamp_EMEA_February_2026,2026-02-22T12:14:48.416Z
Skyler Zhu,skyler.zhu@ext-f34ab7.com,User,Designer AutoSync,members AgentCreatorTraining PartnerTwo,2025-04-07T08:22:30.469Z
Tatum Adams,tatum.adams@ext-591bfe.com,User,Designer,members AgentCreatorBootcamp_EMEA_June_2025 AgentCreatorBootcamp_EMEA_November_2025 PartnerOne,2025-06-30T16:01:06.486Z
Uli Xia,uli.xia@snaplogic.com,Environment admin,Designer,members admins AgentCreatorBootcamp_AMER_May_2025 US_Bootcamp_August_2025,2025-05-09T23:23:07.138Z
Uli Yamada,uli.yamada@snaplogic.com,User,Designer,members,2026-01-31T17:30:20.711Z
Tatum Adams,tatum.adams@ext-7bf6fa.com,User,Designer,members AC_Bootcamp_US_February_2026,2026-01-31T18:49:09.388Z
Tatum Baker,tatum.baker@ext-44cf86.com,User,Designer,members AgentCreatorBootcamp_EMEA_January_2026,2026-01-11T22:38:12.498Z
Tatum Chen,tatum.chen@ext-84f9b1.com,User,Designer,members US_Bootcamp_August_2025,2025-08-07T14:28:55.367Z
Uli York,uli.york@snaplogic.com,Environment admin,Designer AutoSync,members admins Bootcamp_US_June_2025,2023-08-28T19:51:02.295Z
Umber Utley,umber.utley@snaplogic.com,User,Designer,members,2024-05-16T09:40:14.823Z
Umber Xia,umber.xia@snaplogic.com,User,Designer AutoSync,members,2023-12-15T15:40:09.047Z
Umber Xu,umber.xu@snaplogic.com,Environment admin,Designer AutoSync,members admins,2024-10-11T16:21:49.724Z
Tatum Ellis,tatum.ellis@ext-f34ab7.com,User,Designer,members AgentCreatorBootcampEMEA_June2026,2026-06-24T08:51:21.912Z
Tatum Flynn,tatum.flynn@ext-7bf6fa.com,User,Designer,members AgentCreatorBootcampEMEA_June2026,2026-06-24T06:57:12.326Z
Tatum Foster,tatum.foster@ext-9c4f44.com,User,Designer AutoSync,members AgentCreatorBootcamp_EMEA_June_2025,2025-06-15T21:10:43.572Z
Tatum Foster,tatum.foster@ext-f831a9.com,User,Designer,members Bootcamp_US_June_2025 PartnerOne AgentCreatorBootcamp_EMEA_January_2026,2025-06-27T15:56:05.657Z
Umber Zhu,umber.zhu@snaplogic.com,User,Designer AutoSync,members,2023-10-11T13:36:23.516Z
Tatum Holt,tatum.holt@ext-a876a8.com,User,Designer,members Bootcamp_EMEA_February_2026,2026-02-22T12:09:49.014Z
Tatum Jensen,tatum.jensen@ext-2ba04b.com,User,Designer,members AgentCreatorBootcampEMEA_June2026,2026-06-24T06:59:16.779Z
Tatum Miller,tatum.miller@ext-387eea.com,User,Designer AutoSync,members AgentCreatorBootcamp_EMEA_June_2025,2025-06-15T21:23:58.762Z
Tatum Nash,tatum.nash@ext-445152.com,User,Designer,members AgentCreatorBootcamp_EMEA_March_2026,2026-03-22T19:05:27.912Z
Tatum Osei,tatum.osei@ext-591bfe.com,User,Designer,members AgentCreatorBootcamp_CustomerAlpha,2026-07-19T12:43:12.170Z
Vale Flynn,vale.flynn@snaplogic.com,User,Designer,members,2026-01-31T17:30:24.955Z
Tatum Patel,tatum.patel@ext-f34ab7.com,User,Designer,members AgentCreatorBootcamp_EMEA_October_2025 AgentCreatorBootcamp_EMEA_November_2025 PartnerOne AgentCreatorBootcamp_EMEA_January_2026 Bootcamp_EMEA_February_2026,2025-10-06T16:11:34.886Z
Tatum Quinn,tatum.quinn@ext-26da4f.com,User,Designer AutoSync,members AgentCreatorBootcamp_EMEA_June_2025,2025-06-15T21:27:28.593Z
Tatum Reid,tatum.reid@ext-26da4f.com,User,Designer,members AgentCreatorBootcamp_AMEA_August_2025 PartnerOne,2025-08-08T15:21:47.067Z
Tatum Reid,tatum.reid@ext-71e560.com,User,Designer,members AgentCreatorBootcamp_CustomerAlpha,2026-07-19T12:42:59.013Z
Vale Reid,vale.reid@snaplogic.com,User,Designer,members AC_Bootcamp_US_February_2026,2026-02-02T16:59:53.270Z
Vale Ueda,vale.ueda@snaplogic.com,Environment admin,Designer AutoSync,members admins,2023-08-23T17:27:29.370Z
Tatum Reyes,tatum.reyes@ext-a876a8.com,User,Designer,members AC_Bootcamp_US_February_2026,2026-01-31T18:48:01.742Z
Vale Vega,vale.vega@snaplogic.com,User,Designer,members,2026-01-31T17:30:30.027Z
Tatum Tran,tatum.tran@ext-e31cef.com,User,Designer,members AgentCreatorBootcamp_CustomerAlpha,2026-07-19T12:43:18.169Z
Vale Zhang,vale.zhang@snaplogic.com,User,Designer,members,2026-01-31T17:30:36.850Z
Tatum Ueda,tatum.ueda@ext-7bf6fa.com,User,Designer,members AgentCreatorBootcamp_EMEA_May_2026,2026-05-17T21:19:06.531Z
Tatum Vega,tatum.vega@ext-9c4f44.com,User,Designer,members AgentCreatorBootcampEMEA_June2026,2026-06-24T06:58:55.727Z
Tatum Wang,tatum.wang@ext-7cce61.com,User,Designer,members AgentCreatorBootcampEMEA_June2026,2026-06-24T08:49:05.003Z
Vale Zhu,vale.zhu@snaplogic.com,User,Designer,members,2026-01-31T17:30:41.488Z
Vesper Brooks,vesper.brooks@snaplogic.com,User,Designer,members AgentCreatorBootcamp_EMEA_October_2025,2023-12-14T13:03:26.016Z
Tatum Yamada,tatum.yamada@ext-73c6f0.com,User,Designer,members AgentCreatorBootcamp_EMEA_January_2026,2026-01-11T22:38:23.077Z
Tatum York,tatum.york@ext-f34ab7.com,User,Designer,members AC_Bootcamp_US_February_2026,2026-01-31T18:49:23.833Z
Vesper Flynn,vesper.flynn@snaplogic.com,User,Designer,members AC_Bootcamp_US_February_2026,2026-01-31T18:48:55.854Z
Vesper Garcia,vesper.garcia@snaplogic.com,User,Designer,members AgentCreatorBootcamp_AMEA_August_2025,2023-12-07T09:58:31.505Z
Vesper Jensen,vesper.jensen@snaplogic.com,User,Designer,members AgentCreatorBootcamp_EMEA_January_2026,2026-01-11T22:37:33.491Z
Vesper Shah,vesper.shah@snaplogic.com,User,Designer,members US_Bootcamp_August_2025,2025-08-07T15:45:54.228Z
Vesper Ueda,vesper.ueda@snaplogic.com,Environment admin,Designer AutoSync,members admins,2023-10-11T13:35:53.666Z
Vesper Zhang,vesper.zhang@snaplogic.com,User,Designer,members AgentCreatorBootcamp_EMEA_January_2026,2026-01-11T22:38:17.184Z
Tatum Zhu,tatum.zhu@ext-0ffece.com,User,Designer AutoSync,members AgentCreatorBootcamp_EMEA_June_2025 AgentCreatorBootcamp_EMEA_June_2025_GroupB PartnerTwo,2025-02-12T08:43:01.947Z
Taylor Chen,taylor.chen@ext-05db7f.com,User,Designer,members Bootcamp_US_June_2025,2025-06-18T05:47:59.551Z
Taylor Ellis,taylor.ellis@ext-a876a8.com,User,Designer,members Bootcamp_EMEA_February_2026,2025-10-06T05:46:59.388Z
Taylor Grant,taylor.grant@ext-023686.com,User,Designer,members AgentCreatorBootcamp_EMEA_June_2025 Bootcamp_US_June_2025,2025-06-27T15:47:48.165Z
Taylor Kim,taylor.kim@ext-e808de.com,User,Designer,members AgentCreatorBootcamp_EMEA_March_2026,2026-03-22T19:04:44.719Z
Taylor Knox,taylor.knox@ext-7e0fff.com,User,Designer,members AgentCreatorBootcamp_EMEA_March_2026,2025-10-13T09:06:43.051Z
Taylor Miller,taylor.miller@ext-30d03e.com,User,Designer,members AgentCreatorBootcamp_EMEA_June_2025,2025-06-30T15:50:11.689Z
Taylor Moss,taylor.moss@ext-26da4f.com,User,Designer,members AgentCreatorBootcamp_EMEA_November_2025,2025-11-23T18:50:22.587Z
Taylor Park,taylor.park@ext-0ffece.com,User,Designer,members AgentCreatorBootcamp_EMEA_March_2026,2026-03-22T19:03:19.794Z
Taylor Park,taylor.park@ext-f34ab7.com,User,Designer,members Bootcamp_EMEA_February_2026,2024-11-15T14:28:32.389Z
Taylor Singh,taylor.singh@ext-7abd01.com,User,Designer AutoSync,members AgentCreatorBootcamp_EMEA_June_2025,2025-06-15T21:19:06.317Z
Willow Ellis,willow.ellis@snaplogic.com,Environment admin,Designer,members admins,2024-05-12T07:06:03.312Z
Taylor Torres,taylor.torres@ext-26da4f.com,User,Designer,members AgentCreatorBootcamp_EMEA_October_2025,2025-10-06T16:16:53.663Z
Taylor Ueda,taylor.ueda@ext-1cbba8.com,User,Designer,members AgentCreatorBootcamp_CustomerAlpha,2026-07-19T12:42:55.080Z
Taylor Xu,taylor.xu@ext-387eea.com,User,Designer,members AgentCreatorBootcamp_AMEA_August_2025,2025-08-08T15:17:32.097Z
Taylor Xu,taylor.xu@ext-f831a9.com,User,Designer AutoSync,members AgentCreatorBootcamp_EMEA_June_2025,2025-05-18T20:58:49.439Z
Taylor Zhang,taylor.zhang@ext-9832b7.com,User,Designer AutoSync,members AgentCreatorBootcamp_EMEA_June_2025,2025-06-15T21:23:41.490Z
Taylor Zhang,taylor.zhang@ext-9c4f44.com,User,Designer,members AgentCreatorBootcamp_CustomerAlpha,2026-07-19T12:43:50.963Z
Uli Adams,uli.adams@ext-84f9b1.com,User,Designer AutoSync,members AgentCreatorBootcamp_EMEA_June_2025 PartnerTwo,2025-06-15T21:28:35.736Z
Uli Garcia,uli.garcia@ext-26da4f.com,User,Designer,members PartnerFour AC_Bootcamp_US_February_2026 AgentCreatorBootcamp_EMEA_May_2026,2026-01-31T18:49:46.884Z
Uli Johal,uli.johal@ext-26da4f.com,User,Designer,members AgentCreatorBootcamp_EMEA_March_2026 AgentCreatorBootcamp_EMEA_May_2026,2026-03-22T19:02:41.616Z
Uli Osei,uli.osei@ext-591bfe.com,User,Designer AutoSync,members AgentCreatorBootcamp_EMEA_May_2025 PartnerTwo,2025-04-30T07:26:38.813Z
Uli Reid,uli.reid@ext-e42d60.com,User,Designer,members AC_Bootcamp_US_February_2026,2026-01-31T18:50:03.494Z
Uli Singh,uli.singh@ext-445152.com,User,Designer,members AgentCreatorBootcamp_EMEA_June_2025,2025-06-30T16:02:16.774Z
Uli Torres,uli.torres@ext-8e55ec.com,User,Designer,members Bootcamp_US_June_2025,2025-06-27T15:48:32.461Z
Uli Ueda,uli.ueda@ext-f34ab7.com,User,Designer,members AgentCreatorBootcampEMEA_June2026,2026-06-24T06:58:45.741Z
Uli Utley,uli.utley@ext-51bb1d.com,User,Designer,members AgentCreatorBootcamp_EMEA_June_2025 AgentCreatorBootcamp_EMEA_January_2026 AgentCreatorBootcampEMEA_June2026,2025-06-15T21:22:50.997Z
Umber Chen,umber.chen@ext-9f4eff.com,User,Designer AutoSync,members AgentCreatorBootcamp_EMEA_June_2025,2025-06-15T21:18:12.125Z
Umber Ellis,umber.ellis@ext-fc167d.com,User,Designer,members AgentCreatorBootcamp_EMEA_November_2025,2025-11-23T18:43:42.443Z
Umber Evans,umber.evans@ext-9c4f44.com,User,Designer AutoSync,members AgentCreatorBootcamp_EMEA_May_2025,2025-05-18T20:59:02.228Z
Willow Grant,willow.grant@snaplogic.com,User,Designer,members,2026-01-31T17:30:48.301Z
Umber Grant,umber.grant@ext-84f9b1.com,User,Designer,members AgentCreatorBootcamp_CustomerAlpha,2026-07-19T12:42:52.525Z
Umber Miller,umber.miller@ext-387eea.com,User,Designer AutoSync,members AgentCreatorBootcamp_EMEA_June_2025,2025-06-15T21:13:53.024Z
Willow Knox,willow.knox@snaplogic.com,User,Designer,members,2026-01-31T17:31:43.259Z
Umber Miller,umber.miller@ext-445152.com,User,Designer AutoSync,members AgentCreatorPartnerTraining,2025-02-24T10:18:23.804Z
Umber Moss,umber.moss@ext-7e0fff.com,User,Designer,members AC_Bootcamp_US_February_2026,2026-02-03T16:46:26.432Z
Umber Moss,umber.moss@ext-a876a8.com,User,Designer,members AgentCreatorBootcamp_EMEA_May_2026,2026-05-17T21:18:02.255Z
Umber Torres,umber.torres@ext-f34ab7.com,User,Designer,members AgentCreatorBootcamp_EMEA_January_2026,2026-01-11T22:40:12.319Z
Umber Ueda,umber.ueda@ext-023686.com,User,Designer,members US_Bootcamp_August_2025 AgentCreatorBootcamp_AMEA_August_2025 PartnerOne,2025-08-12T08:02:23.040Z
Umber Vega,umber.vega@ext-26da4f.com,User,Designer,members AgentCreatorBootcamp_EMEA_November_2025 PartnerOne,2025-10-06T16:14:35.035Z
Umber Vega,umber.vega@ext-387eea.com,User,Designer AutoSync,members AgentCreatorPartnerTraining,2025-01-14T09:48:43.787Z
Willow Zhang,willow.zhang@snaplogic.com,User,Designer,members,2026-01-31T17:31:49.855Z
Umber Wells,umber.wells@ext-0a199e.com,User,Designer AutoSync,members AgentCreatorTraining PartnerTwo,2025-04-07T08:23:06.871Z
Umber Yamada,umber.yamada@ext-9aa82d.com,User,Designer,members AgentCreatorBootcamp_EMEA_November_2025 PartnerOne,2025-11-23T18:45:24.385Z
Vale Baker,vale.baker@ext-ce8725.com,User,Designer,members AgentCreatorBootcamp_CustomerAlpha,2026-07-20T05:20:22.654Z
Vale Davis,vale.davis@ext-f34ab7.com,User,Designer AutoSync,members AgentCreatorBootcamp_EMEA_June_2025 AgentCreatorBootcamp_EMEA_October_2025 PartnerOne,2025-06-15T21:25:02.670Z
Vale Diaz,vale.diaz@ext-586b66.com,User,Designer,members Bootcamp_EMEA_February_2026,2026-02-22T12:09:37.919Z
Vale Garcia,vale.garcia@ext-9aa82d.com,User,Designer AutoSync,members AgentCreatorBootcamp_EMEA_June_2025,2025-06-15T21:23:07.282Z
Vale Holt,vale.holt@ext-2c0c28.com,User,Designer AutoSync,members AgentCreatorTraining_CustomerBravo,2025-04-28T10:47:25.780Z
Vale Knox,vale.knox@ext-9aa82d.com,User,Designer,members AgentCreatorBootcamp_AMER_May_2025,2025-05-12T15:00:44.461Z
Vale Luna,vale.luna@ext-cb19c1.com,User,Designer,members,2024-09-18T14:50:29.336Z
Vale Shah,vale.shah@ext-9c4f44.com,User,Designer,members AgentCreatorBootcampEMEA_June2026,2026-06-24T06:58:09.063Z
Vale Ueda,vale.ueda@ext-591bfe.com,User,Designer AutoSync,members AgentCreatorBootcamp_EMEA_May_2025,2025-05-18T20:59:13.166Z
Vale Vance,vale.vance@ext-f34ab7.com,User,Designer AutoSync,members AgentCreatorBootcamp_EMEA_June_2025 PartnerOne,2025-06-15T21:27:40.837Z
Wren Cooper,wren.cooper@snaplogic.com,User,Designer AutoSync,members,2026-03-09T07:08:36.892Z
Wren Diaz,wren.diaz@snaplogic.com,Environment admin,Designer AutoSync,members admins,2023-12-21T19:22:05.081Z
Wren Evans,wren.evans@snaplogic.com,Environment admin,Designer,members admins,2025-04-09T20:41:32.639Z
Wren Foster,wren.foster@snaplogic.com,Environment admin,Designer,members admins AgentCreatorBootcamp_EMEA_June_2025 AgentCreatorBootcamp_EMEA_October_2025 AgentCreatorBootcamp_EMEA_January_2026 Bootcamp_EMEA_February_2026,2024-04-02T11:42:53.676Z
Vale Wells,vale.wells@ext-591bfe.com,User,Designer,members AgentCreatorBootcamp_EMEA_October_2025,2025-10-06T16:16:30.819Z
Vale Xu,vale.xu@ext-48d0f3.com,User,Designer,members AgentCreatorBootcamp_CustomerAlpha,2026-07-20T05:20:24.493Z
Vesper Ellis,vesper.ellis@ext-387eea.com,User,Designer,members AgentCreatorBootcamp_CustomerAlpha,2026-07-20T05:20:20.905Z
Vesper Foster,vesper.foster@ext-1dfcd7.com,User,Designer,members AgentCreatorBootcamp_EMEA_January_2026,2024-09-17T11:30:20.386Z
Vesper Foster,vesper.foster@ext-387eea.com,User,Designer,members AgentCreatorBootcamp_EMEA_June_2025 Bootcamp_US_June_2025,2025-06-30T14:56:25.291Z
Vesper Foster,vesper.foster@ext-9bcd09.com,User,Designer,members US_Bootcamp_August_2025,2025-08-07T14:31:58.759Z
Vesper Johal,vesper.johal@ext-9ae045.com,User,Designer AutoSync,members PartnerTwo,2025-05-18T20:59:23.083Z
Vesper Johal,vesper.johal@ext-a876a8.com,User,Designer,members AgentCreatorBootcamp_EMEA_November_2025,2025-11-23T18:44:05.795Z
Vesper Kim,vesper.kim@ext-84f9b1.com,User,AutoSync Designer,members AgentCreatorBootcamp_EMEA_May_2025 AgentCreatorBootcamp_EMEA_June_2025,2025-05-18T20:55:05.054Z
Vesper Miller,vesper.miller@ext-9bcd09.com,User,Designer,members AgentCreatorBootcamp_EMEA_January_2026,2026-01-11T22:27:00.461Z
Vesper Quinn,vesper.quinn@ext-e16054.com,User,Designer AutoSync,members AgentCreatorTraining_CustomerBravo,2025-04-28T11:15:23.586Z
Vesper Singh,vesper.singh@ext-26da4f.com,User,Designer AutoSync,members AgentCreatorBootcamp_EMEA_June_2025,2025-06-15T21:18:32.772Z
Vesper Vance,vesper.vance@ext-396ff3.com,User,Designer,members AgentCreatorBootcamp_EMEA_June_2025,2024-03-18T14:32:20.354Z
Wren Holt,wren.holt@snaplogic.com,User,Designer,members,2026-01-31T17:31:56.036Z
Wren Kim,wren.kim@snaplogic.com,User,Designer,members,2026-01-31T17:32:24.482Z
Vesper Vega,vesper.vega@ext-84f9b1.com,User,Designer,members AgentCreatorBootcampEMEA_June2026,2026-06-24T06:57:19.258Z
Vesper Wang,vesper.wang@ext-0a199e.com,User,Designer,members US_Bootcamp_August_2025,2025-07-30T10:27:39.855Z
Vesper Xia,vesper.xia@ext-42c575.com,User,Designer,members AgentCreatorBootcamp_EMEA_June_2025 AgentCreatorBootcamp_EMEA_October_2025 AgentCreatorBootcamp_EMEA_November_2025 PartnerOne AgentCreatorBootcamp_EMEA_January_2026 Bootcamp_EMEA_February_2026,2025-06-15T21:24:11.734Z
Vesper Zhu,vesper.zhu@ext-f831a9.com,User,Designer,members AgentCreatorBootcamp_CustomerAlpha,2026-07-19T12:43:40.919Z
Willow Chen,willow.chen@ext-7c8183.com,User,Designer,members AgentCreatorBootcamp_AMEA_August_2025,2025-08-08T15:19:53.245Z
Willow Ellis,willow.ellis@ext-26da4f.com,User,Designer,members PartnerFour Bootcamp_EMEA_February_2026 AgentCreatorBootcamp_EMEA_March_2026,2026-02-03T23:52:49.892Z
Willow Flynn,willow.flynn@ext-a876a8.com,User,Designer,members AgentCreatorBootcamp_EMEA_November_2025,2025-11-23T18:47:59.796Z
Willow Luna,willow.luna@ext-387eea.com,User,Designer,members AC_Bootcamp_US_February_2026,2026-01-31T18:50:12.220Z
Willow Ortiz,willow.ortiz@ext-3c8938.com,User,Designer,members AC_Bootcamp_US_February_2026,2026-02-02T17:00:45.759Z
Willow Reyes,willow.reyes@ext-387eea.com,User,Designer,members AgentCreatorBootcamp_EMEA_March_2026,2026-03-22T19:01:50.971Z
Willow Singh,willow.singh@ext-f34ab7.com,User,Designer,members AgentCreatorBootcamp_EMEA_January_2026 Bootcamp_EMEA_February_2026,2026-01-11T22:24:52.244Z
Willow Ueda,willow.ueda@ext-26da4f.com,User,Designer,members AC_Bootcamp_US_February_2026,2026-01-31T18:50:26.052Z
Willow Utley,willow.utley@ext-a876a8.com,User,Designer,members Bootcamp_EMEA_February_2026,2025-03-12T10:31:16.311Z
Willow Vega,willow.vega@ext-26da4f.com,User,Designer,members AgentCreatorBootcamp_AMER_May_2025,2025-05-15T15:58:23.904Z
Willow Xu,willow.xu@ext-1dfcd7.com,User,Designer AutoSync,members AgentCreatorBootcamp_EMEA_June_2025,2025-06-15T21:15:02.472Z
Wren Adams,wren.adams@ext-1dfcd7.com,User,Designer,members,2026-02-02T20:09:11.843Z
Wren Flynn,wren.flynn@ext-9a0743.com,User,Designer,members Bootcamp_EMEA_February_2026,2026-02-22T12:11:13.919Z
Wren Harris,wren.harris@ext-84f9b1.com,User,Designer,members AgentCreatorBootcamp_EMEA_November_2025,2025-11-23T18:44:28.673Z
Wren Kim,wren.kim@ext-a570e0.com,User,Designer,members,2026-06-22T10:15:04.081Z
Wren Shah,wren.shah@ext-26da4f.com,User,Designer AutoSync,members AgentCreatorBootcamp_EMEA_June_2025,2025-06-15T21:11:01.457Z
Wren Torres,wren.torres@ext-591bfe.com,User,AutoSync Designer,members AgentCreatorBootcamp_EMEA_June_2025,2025-06-15T21:16:02.948Z
Wren Yamada,wren.yamada@ext-f34ab7.com,User,Designer,members Bootcamp_EMEA_February_2026,2026-02-22T12:12:10.736Z
Wren Zhang,wren.zhang@ext-321b87.com,User,Designer,members AC_Bootcamp_US_February_2026,2026-01-31T18:49:35.195Z
Wren Park,wren.park@snaplogic.com,Environment admin,Designer,members admins AgentCreatorBootcamp_EMEA_June_2025 AgentCreatorBootcamp_EMEA_October_2025 AgentCreatorBootcamp_EMEA_November_2025 AgentCreatorBootcamp_EMEA_January_2026 AC_Bootcamp_US_February_2026 Bootcamp_EMEA_February_2026,2025-06-15T21:12:02.044Z
Xander Baker,xander.baker@ext-a876a8.com,User,Designer,members,2025-11-03T22:58:46.126Z
Wren Zhu,wren.zhu@snaplogic.com,Environment admin,Designer,members admins,2025-06-20T21:24:56.971Z
Xander Flynn,xander.flynn@snaplogic.com,Environment admin,Designer AutoSync,members admins,2023-08-14T11:13:02.315Z
Xander Holt,xander.holt@snaplogic.com,User,Designer,members AgentCreatorBootcamp_EMEA_January_2026,2026-01-11T22:38:04.207Z
Xander Harris,xander.harris@ext-9a0743.com,User,Designer,members,2026-07-22T09:35:13.239Z
Xander Iyer,xander.iyer@ext-1e8633.com,Environment admin,Designer AutoSync,members admins,2025-09-09T22:53:34.852Z
Xander Moss,xander.moss@ext-f831a9.com,User,Designer,members,2025-01-14T14:30:29.029Z
Xander Moss,xander.moss@snaplogic.com,User,Designer,members AgentCreatorBootcamp_AMEA_August_2025,2024-01-18T05:36:54.393Z
Xen Adams,xen.adams@snaplogic.com,User,Designer,members ReadOnly AgentCreatorBootcamp_AMEA_August_2025,2025-08-10T18:49:58.632Z
Xen Garcia,xen.garcia@snaplogic.com,Environment admin,Designer AutoSync,members admins ReadOnly,2023-10-13T16:15:53.250Z
Xen Moss,xen.moss@snaplogic.com,Environment admin,Designer AutoSync,members admins,2023-10-13T16:24:33.521Z
Xander Quinn,xander.quinn@ext-387eea.com,User,Designer,members AgentCreatorBootcamp_AMEA_August_2025 AgentCreatorBootcamp_EMEA_May_2026,2025-08-08T15:32:20.374Z
Xander Reid,xander.reid@ext-387285.com,User,Designer,members US_Bootcamp_August_2025 AgentCreatorBootcamp_EMEA_October_2025 AgentCreatorBootcamp_EMEA_November_2025,2025-08-07T14:26:18.650Z
Xander Reyes,xander.reyes@ext-7bf6fa.com,User,Designer,members AgentCreatorBootcampEMEA_June2026,2026-06-24T06:57:55.805Z
Xander Utley,xander.utley@ext-2d8726.com,User,Designer,members AgentCreatorBootcampEMEA_June2026,2026-06-24T08:50:28.389Z
Xander Vance,xander.vance@ext-653eac.com,User,Designer,members AgentCreatorBootcamp_EMEA_November_2025,2025-11-23T18:43:35.890Z
Xen Nguyen,xen.nguyen@snaplogic.com,Environment admin,Designer,members admins,2024-07-17T08:32:18.133Z
Xen Zhu,xen.zhu@snaplogic.com,Environment admin,Designer,members admins,2023-05-02T22:36:05.865Z
Yael Ellis,yael.ellis@snaplogic.com,Environment admin,Designer,members admins,2024-01-24T09:27:14.205Z
Xander York,xander.york@ext-2be5e1.com,User,Designer,members AgentCreatorBootcamp_AMER_May_2025,2025-05-12T15:00:37.796Z
Xen Baker,xen.baker@ext-8ce3ff.com,User,Designer,members AgentCreatorBootcamp_EMEA_January_2026,2026-01-11T22:37:45.446Z
Xen Brooks,xen.brooks@ext-3e9741.com,User,AutoSync Designer,members AgentCreatorBootcamp_EMEA_June_2025,2024-06-07T08:26:16.861Z
Xen Chen,xen.chen@ext-7bf6fa.com,User,Designer AutoSync,members AgentCreatorBootcamp_EMEA_June_2025,2025-06-15T21:11:36.905Z
Xen Evans,xen.evans@ext-a0c84a.com,User,Designer AutoSync,members AgentCreatorBootcamp_EMEA_May_2025 AgentCreatorBootcamp_EMEA_June_2025,2025-05-18T21:00:00.567Z
Xen Foster,xen.foster@ext-387eea.com,User,Designer,members AC_Bootcamp_US_February_2026,2026-02-03T20:08:25.229Z
Xen Foster,xen.foster@ext-7bf6fa.com,User,Designer,members AC_Bootcamp_US_February_2026,2026-01-31T18:50:54.370Z
Xen Holt,xen.holt@ext-9c4f44.com,User,Designer,members AC_Bootcamp_US_February_2026,2026-01-31T18:47:41.231Z
Xen Knox,xen.knox@ext-7bf6fa.com,User,Designer,members PartnerFour,2026-03-26T09:31:13.176Z
Yael Luna,yael.luna@snaplogic.com,Environment admin,Designer AutoSync,members admins,2024-04-11T16:44:58.663Z
Yael Patel,yael.patel@snaplogic.com,Environment admin,Designer,members admins,2024-05-09T19:55:48.226Z
Xen Lopez,xen.lopez@ext-f34ab7.com,User,Designer,members Bootcamp_EMEA_February_2026,2026-02-22T12:14:25.940Z
Xen Luna,xen.luna@ext-73c6f0.com,User,Designer AutoSync,members AgentCreatorBootcamp_EMEA_June_2025,2025-06-15T21:14:06.377Z
Xen Moss,xen.moss@ext-7bf6fa.com,User,Designer,members AgentCreatorBootcampEMEA_June2026,2025-08-14T09:56:39.145Z
Xen Ortiz,xen.ortiz@ext-f34ab7.com,User,Designer,members AgentCreatorBootcamp_EMEA_March_2026,2025-10-13T09:07:06.799Z
Yael Vega,yael.vega@snaplogic.com,Environment admin,Designer AutoSync,members admins,2024-02-16T19:05:21.715Z
Yuki Grant,yuki.grant@snaplogic.com,Environment admin,Designer,members admins,2026-03-18T17:42:03.335Z
Xen Quinn,xen.quinn@ext-84f9b1.com,User,Designer,members AgentCreatorBootcamp_AMER_May_2025 AgentCreatorBootcamp_EMEA_June_2025,2025-05-12T15:02:09.388Z
Xen Reid,xen.reid@ext-26da4f.com,User,Designer AutoSync,members AgentCreatorBootcamp_EMEA_May_2025,2025-05-18T21:00:17.206Z
Xen Reyes,xen.reyes@ext-f34ab7.com,User,Designer,members AgentCreatorBootcampEMEA_June2026,2026-06-24T06:57:46.268Z
Xen Zhang,xen.zhang@ext-ef0019.com,User,Designer,members PartnerFour AC_Bootcamp_US_February_2026 Bootcamp_EMEA_February_2026,2026-01-07T13:50:57.273Z
Yuki Nash,yuki.nash@snaplogic.com,User,Designer,members,2026-01-31T17:32:30.785Z
Yael Adams,yael.adams@ext-591bfe.com,User,Designer,members AgentCreatorBootcamp_EMEA_May_2026 AgentCreatorBootcampEMEA_June2026,2026-05-17T21:18:54.960Z
Yael Brooks,yael.brooks@ext-26da4f.com,User,Designer,members AgentCreatorBootcamp_EMEA_March_2026 AgentCreatorBootcamp_EMEA_May_2026,2025-01-31T05:43:30.897Z
Yael Evans,yael.evans@ext-387eea.com,User,AutoSync Designer,members AgentCreatorBootcamp_EMEA_June_2025 AgentCreatorBootcamp_EMEA_June_2025_GroupB PartnerTwo,2024-02-20T13:57:07.302Z
Yael Foster,yael.foster@ext-9c4f44.com,User,Designer,members AgentCreatorBootcamp_CustomerAlpha,2026-07-20T05:20:27.669Z
Yael Foster,yael.foster@ext-e77ebd.com,User,Designer,members Bootcamp_EMEA_February_2026,2025-10-06T06:15:18.832Z
Yael Garcia,yael.garcia@ext-a876a8.com,User,Designer,members AgentCreatorBootcamp_EMEA_November_2025,2025-11-23T18:46:24.430Z
Yael Jensen,yael.jensen@ext-591bfe.com,User,Designer,members AgentCreatorBootcamp_EMEA_November_2025,2025-05-29T05:56:12.891Z
Yael Knox,yael.knox@ext-9a0743.com,User,Designer AutoSync,members AgentCreatorBootcamp_EMEA_June_2025,2025-06-15T21:12:13.681Z
Yael Miller,yael.miller@ext-73c6f0.com,User,Designer,members AgentCreatorBootcamp_EMEA_November_2025,2025-11-23T18:50:28.743Z
Yuki Utley,yuki.utley@snaplogic.com,Environment admin,Designer AutoSync,members admins,2023-05-02T15:15:05.770Z
Yuki Wells,yuki.wells@snaplogic.com,Environment admin,Designer AutoSync,members admins,2025-04-29T22:39:24.190Z
Yael Miller,yael.miller@ext-f34ab7.com,User,,members,2023-12-01T11:22:44.196Z
Yael Moss,yael.moss@ext-591bfe.com,User,Designer AutoSync,members AgentCreatorBootcamp_EMEA_June_2025,2025-06-15T21:12:24.930Z
Yael Singh,yael.singh@ext-fc167d.com,User,Designer AutoSync,members AgentCreatorTraining PartnerTwo,2025-04-07T08:23:18.628Z
Yael Utley,yael.utley@ext-84f9b1.com,User,Designer,members AgentCreatorBootcamp_AMEA_August_2025,2025-08-08T15:21:10.947Z
Yael York,yael.york@ext-023686.com,User,Designer AutoSync,members AgentCreatorBootcamp_EMEA_June_2025,2025-06-15T21:16:44.181Z
Zara Ellis,zara.ellis@snaplogic.com,User,Designer,members,2026-01-31T17:32:35.701Z
Yael Zhang,yael.zhang@ext-445152.com,User,Designer,members AgentCreatorBootcamp_AMEA_August_2025 AgentCreatorBootcamp_EMEA_January_2026,2025-08-08T15:21:28.248Z
Zara Holt,zara.holt@snaplogic.com,Environment admin,Designer AutoSync,members admins,2025-10-26T22:43:06.910Z
Yuki Adams,yuki.adams@ext-387eea.com,User,Designer AutoSync,members AgentCreatorTraining,2025-04-07T08:26:49.581Z
Yuki Brooks,yuki.brooks@ext-a876a8.com,User,Designer,members AgentCreatorBootcampEMEA_June2026,2026-06-24T06:57:31.186Z
Zara Iyer,zara.iyer@snaplogic.com,Environment admin,Designer,members admins,2024-05-10T19:26:32.871Z
Zion Diaz,zion.diaz@snaplogic.com,Environment admin,Designer,members admins,2023-05-11T12:29:52.144Z
Yuki Chen,yuki.chen@ext-bb22e0.com,User,Designer,members Bootcamp_EMEA_February_2026,2026-02-23T09:21:24.486Z
Yuki Cooper,yuki.cooper@ext-34409a.com,User,Designer,members AgentCreatorBootcamp_EMEA_November_2025,2025-11-23T18:48:05.440Z
Yuki Garcia,yuki.garcia@ext-f34ab7.com,User,Designer AutoSync,members AgentCreatorBootcamp_EMEA_June_2025,2025-06-15T21:15:25.681Z
Zion Grant,zion.grant@snaplogic.com,User,,members_devportal,2026-01-26T12:55:15.953Z
Zion Ibarra,zion.ibarra@snaplogic.com,Environment admin,,members admins,2024-07-22T13:13:40.415Z
Zion Nash,zion.nash@snaplogic.com,Environment admin,Designer AutoSync,members admins,2023-10-26T15:33:30.629Z
Zion Reyes,zion.reyes@snaplogic.com,User,Designer,members,2024-04-04T08:54:27.939Z
Zion Tran,zion.tran@snaplogic.com,User,Designer AutoSync,members test_user,2024-04-04T07:34:43.463Z
Zion Vance,zion.vance@snaplogic.com,User,Designer AutoSync,members,2026-01-27T15:27:18.020Z
Zion Wells,zion.wells@snaplogic.com,Environment admin,Designer AutoSync,members admins,2023-09-19T14:33:32.152Z
Yuki Kim,yuki.kim@ext-f060bf.com,User,Designer,members AgentCreatorBootcamp_EMEA_June_2025 AgentCreatorBootcamp_EMEA_May_2026,2025-06-16T09:57:22.135Z
Yuki Nguyen,yuki.nguyen@ext-f34ab7.com,User,Designer,members AgentCreatorBootcamp_AMER_May_2025 AgentCreatorBootcamp_EMEA_May_2025 AgentCreatorBootcamp_EMEA_June_2025,2025-05-12T15:00:43.128Z
Yuki Park,yuki.park@ext-26da4f.com,User,Designer,members AgentCreatorBootcamp_EMEA_October_2025 AC_Bootcamp_US_February_2026,2025-10-06T16:12:47.395Z
Yuki Park,yuki.park@ext-591bfe.com,User,Designer,members Bootcamp_US_June_2025,2025-06-27T15:56:43.555Z
Pax Harris,pax.harris@snaplogic.com,Environment admin,AutoSync Designer,members admins,2026-02-04T15:42:27.896Z
Xen Grant,xen.grant@snaplogic.com,Environment admin,Designer AutoSync,members admins,2025-06-11T14:16:47.604Z
Sonny York,sonny.york@snaplogic.com,User,Designer,members AgentCreatorBootcamp_AMEA_August_2025,2025-08-11T09:09:01.450Z
Yuki Ueda,yuki.ueda@ext-0a199e.com,User,Designer,members AgentCreatorBootcamp_CustomerAlpha,2026-07-20T05:20:14.993Z
Yuki Wang,yuki.wang@ext-591bfe.com,User,Designer,members AgentCreatorBootcamp_EMEA_May_2026,2026-05-17T21:19:11.057Z
Yuki Wang,yuki.wang@ext-f34ab7.com,User,Designer,members AgentCreatorBootcamp_EMEA_May_2026,2026-05-18T08:41:09.030Z
Yuki Xia,yuki.xia@ext-7bf6fa.com,User,Designer,members Bootcamp_US_June_2025,2025-07-01T15:48:46.518Z
Laurie York,laurie.york@snaplogic.com,Environment admin,Designer AutoSync,members admins,2025-01-03T19:13:11.822Z
Zara Adams,zara.adams@ext-f34ab7.com,User,Designer,members,2025-01-09T17:21:13.877Z
Devon Wells,devon.wells@snaplogic.com,Environment admin,Designer,members admins AgentCreatorBootcamp_AMEA_August_2025,2025-08-08T15:16:18.684Z
Logan Adams,logan.adams@snaplogic.com,Environment admin,Designer AutoSync,members admins,2023-05-04T22:08:32.813Z
Zara Cooper,zara.cooper@ext-591bfe.com,User,Designer,members US_Bootcamp_August_2025,2025-08-07T14:28:33.173Z
Merritt Adams,merritt.adams@snaplogic.com,User,Designer,members US_Bootcamp_August_2025,2024-12-20T08:48:17.790Z
Zara Cooper,zara.cooper@ext-e02f5c.com,User,Designer,members AgentCreatorBootcamp_EMEA_October_2025,2025-10-06T16:10:56.120Z
Zara Foster,zara.foster@ext-1dfcd7.com,User,Designer,members AgentCreatorBootcamp_EMEA_May_2026,2026-05-17T21:19:21.350Z
Zara Harris,zara.harris@ext-71e560.com,User,Designer,members AC_Bootcamp_US_February_2026,2026-01-31T18:51:25.496Z
Zara Kim,zara.kim@ext-0ffece.com,User,Designer,members AgentCreatorBootcamp_EMEA_November_2025,2025-06-20T09:12:19.709Z
Zara Nash,zara.nash@ext-2e4928.com,User,Designer,members AgentCreatorBootcamp_AMEA_August_2025 AgentCreatorBootcamp_EMEA_October_2025 AgentCreatorBootcamp_EMEA_November_2025,2025-08-08T15:24:25.690Z
Zara Osei,zara.osei@ext-9a0743.com,User,Designer,members AgentCreatorBootcamp_EMEA_March_2026,2026-03-22T19:05:03.798Z
Zara Park,zara.park@ext-1dfcd7.com,User,Designer,members Bootcamp_EMEA_February_2026,2024-11-18T18:06:06.325Z
Zara Park,zara.park@ext-3e9741.com,User,Designer,members AgentCreatorBootcamp_AMER_May_2025,2025-05-12T15:00:39.915Z
Zara Park,zara.park@ext-8e55ec.com,User,Designer,members AgentCreatorBootcamp_AMER_May_2025,2025-05-15T16:00:57.848Z
Zara Ueda,zara.ueda@ext-138750.com,User,Designer,members AgentCreatorBootcamp_CustomerAlpha,2026-07-20T05:20:07.560Z
Zara Ueda,zara.ueda@ext-e95451.com,User,Designer,members AgentCreatorBootcamp_EMEA_June_2025,2025-06-15T21:12:43.753Z
Zara Utley,zara.utley@ext-591bfe.com,User,Designer,members AC_Bootcamp_US_February_2026,2026-01-31T18:51:33.111Z
Zara Wang,zara.wang@ext-634bab.com,User,Designer,members AgentCreatorBootcamp_CustomerAlpha,2026-07-19T12:43:02.276Z
Zara York,zara.york@ext-6265e5.com,User,Designer,members AgentCreatorBootcamp_EMEA_May_2026,2026-05-17T21:18:08.080Z
Zara Zhu,zara.zhu@ext-f34ab7.com,User,Designer AutoSync,members AgentCreatorTraining PartnerTwo,2025-04-07T08:27:04.235Z
Zion Baker,zion.baker@ext-a876a8.com,User,Designer,members AgentCreatorBootcamp_CustomerAlpha,2026-07-19T12:42:22.925Z
Zion Garcia,zion.garcia@ext-e28b64.com,User,Designer,members AgentCreatorBootcamp_EMEA_November_2025,2025-11-23T18:48:50.193Z
Zion Harris,zion.harris@ext-0ffece.com,User,Designer,members AC_Bootcamp_US_February_2026,2026-01-31T18:51:58.140Z
Zion Lopez,zion.lopez@ext-f34ab7.com,User,Designer,members AgentCreatorBootcamp_EMEA_October_2025,2025-10-06T16:08:13.147Z
Zion Nash,zion.nash@ext-591bfe.com,User,Designer,members AgentCreatorBootcamp_EMEA_January_2026,2026-01-11T22:38:36.564Z
Zion Reid,zion.reid@ext-f513df.com,User,Designer,members Bootcamp_EMEA_February_2026,2026-02-22T12:08:25.143Z
Zion Reyes,zion.reyes@ext-0a199e.com,User,Designer,members AgentCreatorBootcamp_EMEA_November_2025,2025-11-23T18:48:45.441Z
Zion Reyes,zion.reyes@ext-6158a9.com,User,Designer,members US_Bootcamp_August_2025 PartnerOne,2025-08-07T14:24:58.545Z
Zion Vega,zion.vega@ext-591bfe.com,User,Designer,members AgentCreatorBootcamp_EMEA_January_2026,2026-01-11T22:39:06.145Z
Zion Xia,zion.xia@ext-1a0582.com,User,Designer AutoSync,members AgentCreatorBootcamp_EMEA_June_2025 AgentCreatorBootcamp_EMEA_October_2025 AgentCreatorBootcamp_EMEA_November_2025 PartnerOne,2025-06-15T21:25:15.829Z
Teagan Ibarra,teagan.ibarra@ext-01b328.com,User,Designer,members AgentCreatorBootcamp_AMER_May_2025,2025-05-12T15:00:39.170Z
Marlowe Jensen,marlowe.jensen@ext-03cdfb.com,User,Designer,members AgentCreatorBootcamp_EMEA_November_2025,2025-11-23T18:52:21.181Z
Teagan Tran,teagan.tran@ext-04b138.com,User,Designer AutoSync,members AgentCreatorTraining,2025-04-07T08:23:33.318Z
River Harris,river.harris@ext-053749.com,User,Designer,members AC_Bootcamp_US_February_2026,2026-02-02T17:02:25.719Z
Sonny Shah,sonny.shah@ext-07dc30.com,User,Designer,members AgentCreatorBootcamp_CustomerAlpha,2026-07-19T12:43:47.158Z
River Vega,river.vega@ext-0cc0dc.com,User,Designer AutoSync,members AgentCreatorBootcamp_EMEA_June_2025,2025-06-15T21:12:55.930Z
Zara Xia,zara.xia@ext-10457b.com,User,Designer,members AgentCreatorBootcamp_CustomerAlpha,2026-07-20T05:20:30.711Z
Cameron Cooper,cameron.cooper@ext-124a8f.com,User,Designer,members AgentCreatorBootcamp_EMEA_May_2026,2026-05-17T21:19:39.011Z
Xen Wells,xen.wells@ext-13ba9a.com,User,Designer AutoSync,members AgentCreatorTraining,2025-04-07T08:27:21.012Z
Finley York,finley.york@ext-13e64d.com,User,Designer,members AgentCreatorBootcamp_EMEA_January_2026,2026-01-11T22:26:02.876Z
Indira Cooper,indira.cooper@ext-159309.com,User,Designer,members AgentCreatorBootcamp_EMEA_May_2025 AgentCreatorBootcamp_EMEA_June_2025 AgentCreatorBootcamp_EMEA_March_2026,2025-05-18T21:01:05.813Z
Noel Knox,noel.knox@ext-160e8a.com,User,Designer,members AgentCreatorBootcamp_CustomerAlpha,2026-07-19T12:43:52.839Z
Sutton Nash,sutton.nash@ext-17fe2a.com,User,AutoSync Designer,members AgentCreatorBootcamp_EMEA_June_2025 AgentCreatorBootcamp_EMEA_June_2025_GroupB PartnerTwo,2024-02-21T07:14:40.790Z
Merritt Evans,merritt.evans@ext-19d83f.com,User,Designer,members PartnerThree PartnerThree_Demos Bootcamp_EMEA_February_2026 AgentCreatorBootcamp_EMEA_March_2026,2025-03-25T12:11:26.123Z
Sutton Kumar,sutton.kumar@ext-1c3432.com,User,Designer,members AgentCreatorBootcamp_EMEA_January_2026,2026-01-11T22:39:23.094Z
Umber Kumar,umber.kumar@ext-1c78e4.com,User,Designer,members CustomerCharlie_AiWorkshop,2025-12-16T17:57:49.438Z
Vale Rossi,vale.rossi@ext-1e0a25.com,User,,members,2024-01-11T10:25:21.889Z
Ira Wells,ira.wells@ext-1e5a71.com,User,Designer,members US_Bootcamp_August_2025,2025-08-07T14:29:44.042Z
Jordan Nash,jordan.nash@ext-21f76b.com,User,Designer,members AgentCreatorBootcampEMEA_June2026,2026-06-24T06:56:59.519Z
Remy Davis,remy.davis@ext-222f19.com,User,Designer,members AgentCreatorBootcamp_EMEA_November_2025,2025-11-23T18:52:43.460Z
Harper Reid,harper.reid@ext-241f4d.com,User,Designer,members AgentCreatorBootcamp_EMEA_January_2026,2026-01-11T22:28:14.199Z
Sonny Davis,sonny.davis@ext-245dc3.com,User,Designer,members AgentCreatorBootcamp_CustomerAlpha,2026-07-19T12:43:37.931Z
Finley Kumar,finley.kumar@ext-24c507.com,User,Designer,members AgentCreatorBootcamp_EMEA_November_2025,2025-11-23T18:49:09.638Z
Sawyer Luna,sawyer.luna@ext-25529e.com,User,Designer,members AC_Bootcamp_US_February_2026,2026-01-31T18:51:46.766Z
Kai Wells,kai.wells@ext-26adb8.com,User,Designer,members CustomerEcho OfficeOne Team AgentCreatorBootcamp_EMEA_May_2025,2024-05-21T10:26:54.827Z
Flynn Singh,flynn.singh@ext-2844e5.com,User,Designer,members AgentCreatorBootcamp_EMEA_January_2026,2026-01-11T22:40:07.357Z
Quinn Luna,quinn.luna@snaplogic.com,Environment admin,Designer AutoSync,members admins,2023-05-24T05:32:33.853Z
Kendall Utley,kendall.utley@snaplogic.com,Environment admin,Designer AutoSync,members admins,2024-01-30T10:19:37.132Z
Linden York,linden.york@snaplogic.com,Environment admin,Designer,members admins,2024-05-09T19:53:20.531Z
Wren Wells,wren.wells@ext-286f2a.com,User,Designer,members AgentCreatorBootcamp_AMER_May_2025 AgentCreatorBootcamp_EMEA_June_2025,2025-05-15T15:59:43.516Z
Skyler Park,skyler.park@snaplogic.com,Environment admin,,members admins,2023-10-23T19:51:03.001Z
Juno Kumar,juno.kumar@snaplogic.com,Environment admin,Designer,members admins,2024-05-12T07:07:08.024Z
Blake Evans,blake.evans@snaplogic.com,Environment admin,Designer AutoSync,members admins,2023-04-26T12:21:01.512Z
Emery Singh,emery.singh@ext-293b99.com,User,Designer AutoSync,members AgentCreatorBootcamp_EMEA_May_2025,2025-05-18T21:01:22.596Z
Juno Grant,juno.grant@ext-2a4bb1.com,User,Designer,members AgentCreatorBootcamp_EMEA_January_2026,2025-10-06T13:08:48.355Z
Quinn Quinn,quinn.quinn@ext-2a94a4.com,User,Designer,members AgentCreatorBootcampEMEA_June2026,2026-06-24T06:57:42.310Z
Cameron Grant,cameron.grant@ext-2ba086.com,User,Designer,members AgentCreatorBootcamp_EMEA_March_2026,2025-10-20T13:26:15.802Z
Sloan Ibarra,sloan.ibarra@ext-2d74ef.com,User,Designer,members AgentCreatorBootcamp_CustomerAlpha,2026-07-20T05:20:35.452Z
Pax Grant,pax.grant@ext-2db6b5.com,User,Designer,members AgentCreatorBootcampEMEA_June2026,2026-06-24T06:58:32.715Z
Indira Johal,indira.johal@ext-2dcf18.com,User,Designer,members AgentCreatorBootcamp_CustomerAlpha,2026-07-19T12:43:06.104Z
Kendall Kumar,kendall.kumar@ext-2ed2a3.com,User,Designer,members AgentCreatorBootcamp_EMEA_May_2026,2026-05-17T21:18:04.030Z
Skyler Brooks,skyler.brooks@ext-315ce2.com,User,Designer AutoSync,members AgentCreatorBootcamp_EMEA_June_2025,2025-06-15T21:13:21.930Z
Kendall Luna,kendall.luna@ext-322145.com,User,Designer,members AgentCreatorBootcamp_AMER_May_2025,2025-05-12T15:00:38.527Z
Haven Flynn,haven.flynn@ext-35a074.com,User,Designer,members Bootcamp_EMEA_February_2026,2026-02-22T12:07:27.358Z
Finley Patel,finley.patel@ext-35e6ea.com,User,Designer,members AC_Bootcamp_US_February_2026,2026-01-31T18:48:27.944Z
Drew Nash,drew.nash@snaplogic.com,Environment admin,AutoSync Designer,members admins,2025-07-16T14:54:00.777Z
Briar Tran,briar.tran@ext-395bd5.com,User,Designer,members AgentCreatorBootcampEMEA_June2026,2026-06-24T06:57:23.575Z
River Reid,river.reid@ext-39b0e5.com,User,Designer,members AgentCreatorBootcamp_EMEA_March_2026 AgentCreatorBootcamp_EMEA_May_2026,2026-03-22T19:04:09.342Z
Teagan Vance,teagan.vance@ext-3ebcc0.com,User,Designer,members AgentCreatorTraining,2023-12-11T11:50:39.145Z
Ira Garcia,ira.garcia@ext-402302.com,User,Designer,members Bootcamp_EMEA_February_2026 AgentCreatorBootcamp_EMEA_March_2026 AgentCreatorBootcamp_EMEA_May_2026,2025-09-04T08:38:23.950Z
Eli Park,eli.park@ext-4392b0.com,User,Designer,members AgentCreatorBootcamp_EMEA_November_2025,2025-11-23T18:51:07.373Z
Nash Harris,nash.harris@ext-a37969.com,User,,members_devportal,2025-06-17T09:34:07.169Z
Nash Iyer,nash.iyer@ext-f34ab7.com,User,,members_devportal,2025-07-02T14:26:42.196Z
